CODIGO_DANE;ID_TIPO_DELITO;ARMA_EMPLEADA;FECHA_HECHO;SEXO;AGRUPA_EDAD_PERSONA
5088;7;arma blanca / cortopunzante;2011-08-22;hombre;adulto
5154;7;arma blanca / cortopunzante;2011-07-21;hombre;adulto
5266;7;arma blanca / cortopunzante;2011-06-05;mujer;menor de edad
5310;7;arma blanca / cortopunzante;2011-03-09;hombre;adulto
5360;7;arma blanca / cortopunzante;2011-08-17;hombre;adulto
5001;7;arma blanca / cortopunzante;2011-02-23;hombre;adulto
5001;7;arma blanca / cortopunzante;2011-07-23;hombre;adulto
5001;7;arma blanca / cortopunzante;2011-11-29;hombre;adulto
5628;7;arma blanca / cortopunzante;2011-07-05;mujer;adulto
5656;7;arma blanca / cortopunzante;2011-07-02;hombre;adulto
5679;7;arma blanca / cortopunzante;2011-06-03;hombre;adulto
5756;7;arma blanca / cortopunzante;2011-06-16;hombre;adulto
5761;7;arma blanca / cortopunzante;2011-09-16;hombre;adulto
5819;7;arma blanca / cortopunzante;2011-04-18;hombre;adulto
5887;7;arma blanca / cortopunzante;2011-07-21;hombre;adulto
81001;7;arma blanca / cortopunzante;2011-02-10;hombre;adulto
81065;7;arma blanca / cortopunzante;2011-01-28;hombre;adulto
81065;7;arma blanca / cortopunzante;2011-03-27;hombre;adulto
81065;7;arma blanca / cortopunzante;2011-05-19;hombre;adulto
81065;7;arma blanca / cortopunzante;2011-07-29;hombre;adulto
81300;7;arma blanca / cortopunzante;2011-02-19;hombre;adulto
81736;7;arma blanca / cortopunzante;2011-06-13;hombre;adulto
81736;7;arma blanca / cortopunzante;2011-12-27;hombre;adulto
81794;7;arma blanca / cortopunzante;2011-01-12;hombre;adulto
81794;7;arma blanca / cortopunzante;2011-04-07;hombre;adulto
8001;7;arma blanca / cortopunzante;2011-03-02;hombre;adulto
8001;7;arma blanca / cortopunzante;2011-04-15;mujer;adulto
15518;7;arma blanca / cortopunzante;2011-06-10;hombre;adulto
17001;7;arma blanca / cortopunzante;2011-02-25;hombre;adulto
17616;7;arma blanca / cortopunzante;2011-05-02;hombre;adulto
18001;7;arma blanca / cortopunzante;2011-03-29;hombre;adulto
18001;7;arma blanca / cortopunzante;2011-05-22;mujer;menor de edad
18001;7;arma blanca / cortopunzante;2011-05-22;mujer;adulto
18460;7;arma blanca / cortopunzante;2011-05-17;hombre;adulto
18592;7;arma blanca / cortopunzante;2011-05-02;hombre;adulto
18753;7;arma blanca / cortopunzante;2011-06-08;hombre;adulto
18785;7;arma blanca / cortopunzante;2011-01-24;hombre;adulto
85010;7;arma blanca / cortopunzante;2011-10-04;hombre;adulto
85010;7;arma blanca / cortopunzante;2011-10-04;hombre;adulto
85230;7;arma blanca / cortopunzante;2011-07-17;hombre;adulto
85410;7;arma blanca / cortopunzante;2011-03-20;hombre;adulto
85430;7;arma blanca / cortopunzante;2011-07-18;hombre;adulto
85001;7;arma blanca / cortopunzante;2011-01-22;hombre;menor de edad
19022;7;arma blanca / cortopunzante;2011-07-25;hombre;adulto
19256;7;arma blanca / cortopunzante;2011-02-08;hombre;adulto
19450;7;arma blanca / cortopunzante;2011-10-08;hombre;adulto
19001;7;arma blanca / cortopunzante;2011-02-09;hombre;adulto
19693;7;arma blanca / cortopunzante;2011-02-04;hombre;adulto
19698;7;arma blanca / cortopunzante;2011-01-04;hombre;adulto
19743;7;arma blanca / cortopunzante;2011-07-16;hombre;adulto
19809;7;arma blanca / cortopunzante;2011-05-06;hombre;adulto
19824;7;arma blanca / cortopunzante;2011-03-05;hombre;adulto
20011;7;arma blanca / cortopunzante;2011-04-28;hombre;adulto
20383;7;arma blanca / cortopunzante;2011-01-24;mujer;adulto
27073;7;arma blanca / cortopunzante;2011-08-15;hombre;adulto
27073;7;arma blanca / cortopunzante;2011-09-12;hombre;adulto
27160;7;arma blanca / cortopunzante;2011-01-29;hombre;adulto
27413;7;arma blanca / cortopunzante;2011-11-30;hombre;adulto
27580;7;arma blanca / cortopunzante;2011-10-14;hombre;adulto
27787;7;arma blanca / cortopunzante;2011-11-09;hombre;adulto
23001;7;arma blanca / cortopunzante;2011-01-16;hombre;menor de edad
23555;7;arma blanca / cortopunzante;2011-01-28;hombre;menor de edad
11001;7;arma blanca / cortopunzante;2011-03-16;mujer;adulto
11001;7;arma blanca / cortopunzante;2011-08-19;hombre;adulto
25279;7;arma blanca / cortopunzante;2011-04-07;hombre;adulto
25436;7;arma blanca / cortopunzante;2011-08-14;hombre;adulto
44430;7;arma blanca / cortopunzante;2011-05-19;hombre;adulto
44430;7;arma blanca / cortopunzante;2011-06-09;hombre;adulto
44847;7;arma blanca / cortopunzante;2011-04-16;hombre;adulto
44847;7;arma blanca / cortopunzante;2011-07-06;hombre;adulto
44847;7;arma blanca / cortopunzante;2011-11-14;mujer;adulto
95015;7;arma blanca / cortopunzante;2011-03-01;hombre;adulto
95025;7;arma blanca / cortopunzante;2011-06-04;hombre;adulto
41020;7;arma blanca / cortopunzante;2011-01-21;hombre;adulto
41298;7;arma blanca / cortopunzante;2011-10-05;hombre;adulto
41001;7;arma blanca / cortopunzante;2011-10-11;hombre;adulto
41551;7;arma blanca / cortopunzante;2011-01-06;hombre;adulto
47001;7;arma blanca / cortopunzante;2011-08-20;hombre;adulto
50251;7;arma blanca / cortopunzante;2011-06-02;hombre;adulto
50330;7;arma blanca / cortopunzante;2011-04-04;mujer;adulto
50330;7;arma blanca / cortopunzante;2011-05-02;hombre;adulto
50330;7;arma blanca / cortopunzante;2011-07-04;mujer;adulto
50683;7;arma blanca / cortopunzante;2011-06-19;hombre;adulto
50001;7;arma blanca / cortopunzante;2011-03-26;hombre;adulto
50001;7;arma blanca / cortopunzante;2011-08-25;hombre;adulto
50001;7;arma blanca / cortopunzante;2011-09-19;hombre;adulto
50711;7;arma blanca / cortopunzante;2011-08-06;hombre;adulto
50711;7;arma blanca / cortopunzante;2011-12-22;hombre;adulto
52019;7;arma blanca / cortopunzante;2011-05-27;hombre;adulto
52110;7;arma blanca / cortopunzante;2011-11-30;mujer;adulto
52240;7;arma blanca / cortopunzante;2011-03-13;mujer;adulto
52240;7;arma blanca / cortopunzante;2011-03-13;hombre;adulto
52227;7;arma blanca / cortopunzante;2011-02-12;hombre;menor de edad
52356;7;arma blanca / cortopunzante;2011-05-23;hombre;adulto
52418;7;arma blanca / cortopunzante;2011-06-06;hombre;adulto
52435;7;arma blanca / cortopunzante;2011-06-19;hombre;adulto
52435;7;arma blanca / cortopunzante;2011-11-02;mujer;menor de edad
52435;7;arma blanca / cortopunzante;2011-11-02;mujer;adulto
52480;7;arma blanca / cortopunzante;2011-05-21;hombre;adulto
52001;7;arma blanca / cortopunzante;2011-07-12;hombre;adulto
52540;7;arma blanca / cortopunzante;2011-08-01;hombre;adulto
52585;7;arma blanca / cortopunzante;2011-12-20;hombre;adulto
52612;7;arma blanca / cortopunzante;2011-05-10;mujer;adulto
52612;7;arma blanca / cortopunzante;2011-05-10;hombre;adulto
52835;7;arma blanca / cortopunzante;2011-01-15;hombre;adulto
52696;7;arma blanca / cortopunzante;2011-03-03;hombre;adulto
52788;7;arma blanca / cortopunzante;2011-03-02;hombre;adulto
52838;7;arma blanca / cortopunzante;2011-05-18;hombre;adulto
52838;7;arma blanca / cortopunzante;2011-08-07;hombre;adulto
54001;7;arma blanca / cortopunzante;2011-01-13;mujer;adulto
54001;7;arma blanca / cortopunzante;2011-01-13;hombre;adulto
54001;7;arma blanca / cortopunzante;2011-12-23;hombre;adulto
54261;7;arma blanca / cortopunzante;2011-03-04;hombre;adulto
54660;7;arma blanca / cortopunzante;2011-05-29;hombre;adulto
86320;7;arma blanca / cortopunzante;2011-07-23;hombre;adulto
86568;7;arma blanca / cortopunzante;2011-03-17;hombre;adulto
86568;7;arma blanca / cortopunzante;2011-03-23;mujer;adulto
86568;7;arma blanca / cortopunzante;2011-06-30;mujer;adulto
86865;7;arma blanca / cortopunzante;2011-04-25;hombre;adulto
86865;7;arma blanca / cortopunzante;2011-05-31;mujer;adulto
86865;7;arma blanca / cortopunzante;2011-05-31;hombre;adulto
86865;7;arma blanca / cortopunzante;2011-06-25;hombre;adulto
63001;7;arma blanca / cortopunzante;2011-04-25;hombre;adulto
66001;7;arma blanca / cortopunzante;2011-04-27;hombre;adulto
66001;7;arma blanca / cortopunzante;2011-06-08;hombre;adulto
66001;7;arma blanca / cortopunzante;2011-08-11;hombre;adulto
68081;7;arma blanca / cortopunzante;2011-08-17;hombre;adulto
68001;7;arma blanca / cortopunzante;2011-06-03;hombre;adulto
68307;7;arma blanca / cortopunzante;2011-05-02;mujer;adulto
70235;7;arma blanca / cortopunzante;2011-04-03;hombre;adulto
73217;7;arma blanca / cortopunzante;2011-04-28;hombre;adulto
73268;7;arma blanca / cortopunzante;2011-04-17;hombre;adulto
76109;7;arma blanca / cortopunzante;2011-05-05;hombre;adulto
76109;7;arma blanca / cortopunzante;2011-05-18;hombre;adulto
76001;7;arma blanca / cortopunzante;2011-04-02;hombre;adulto
76001;7;arma blanca / cortopunzante;2011-04-15;hombre;adulto
76001;7;arma blanca / cortopunzante;2011-05-20;hombre;adulto
76001;7;arma blanca / cortopunzante;2011-08-17;mujer;adulto
76001;7;arma blanca / cortopunzante;2011-12-29;mujer;adulto
76001;7;arma blanca / cortopunzante;2011-12-29;hombre;adulto
76147;7;arma blanca / cortopunzante;2011-12-01;hombre;adulto
76233;7;arma blanca / cortopunzante;2011-08-23;mujer;adulto
76233;7;arma blanca / cortopunzante;2011-09-10;hombre;adulto
76111;7;arma blanca / cortopunzante;2011-03-04;hombre;adulto
76520;7;arma blanca / cortopunzante;2011-05-01;hombre;adulto
76563;7;arma blanca / cortopunzante;2011-05-25;hombre;adulto
76563;7;arma blanca / cortopunzante;2011-06-09;hombre;adulto
76834;7;arma blanca / cortopunzante;2011-05-15;hombre;adulto
76834;7;arma blanca / cortopunzante;2011-08-10;hombre;adulto
99773;7;arma blanca / cortopunzante;2011-03-08;hombre;adulto
5001;7;arma de fuego;2011-09-12;hombre;adulto
5756;7;arma de fuego;2011-09-18;hombre;adulto
17001;7;arma de fuego;2011-01-08;hombre;adulto
52001;7;arma de fuego;2011-01-29;hombre;adulto
52001;7;arma de fuego;2011-02-01;hombre;adulto
86001;7;arma de fuego;2011-02-25;hombre;adulto
86001;7;arma de fuego;2011-03-03;hombre;adulto
86885;7;arma de fuego;2011-01-17;hombre;adulto
76001;7;arma de fuego;2011-01-30;hombre;adulto
76001;7;arma de fuego;2011-09-29;mujer;adulto
17524;7;esposas;2011-11-02;hombre;adulto
76001;7;esposas;2011-11-30;hombre;adulto
5045;7;sin datodo;2011-05-11;hombre;menor de edad
5129;7;sin datodo;2011-03-13;mujer;menor de edad
5148;7;sin datodo;2011-04-12;hombre;menor de edad
5001;7;sin datodo;2011-01-16;hombre;adulto
5001;7;sin datodo;2011-05-20;hombre;adulto
5001;7;sin datodo;2011-06-12;hombre;adulto
5001;7;sin datodo;2011-09-01;mujer;adulto
5001;7;sin datodo;2011-09-03;hombre;adulto
5001;7;sin datodo;2011-11-29;mujer;adulto
5579;7;sin datodo;2011-07-12;hombre;adulto
5631;7;sin datodo;2011-11-03;hombre;adulto
5890;7;sin datodo;2011-07-24;hombre;adulto
81001;7;sin datodo;2011-06-01;mujer;adulto
81001;7;sin datodo;2011-10-07;hombre;adulto
81065;7;sin datodo;2011-05-16;mujer;adulto
81300;7;sin datodo;2011-09-29;mujer;menor de edad
81736;7;sin datodo;2011-11-26;mujer;adulto
81794;7;sin datodo;2011-07-09;hombre;adulto
8001;7;sin datodo;2011-06-10;hombre;adulto
8001;7;sin datodo;2011-12-18;hombre;menor de edad
13001;7;sin datodo;2011-07-26;mujer;menor de edad
13001;7;sin datodo;2011-08-05;mujer;menor de edad
17174;7;sin datodo;2011-05-23;mujer;menor de edad
17614;7;sin datodo;2011-06-14;hombre;adulto
18001;7;sin datodo;2011-03-19;mujer;menor de edad
18753;7;sin datodo;2011-04-29;hombre;adulto
18785;7;sin datodo;2011-05-19;mujer;menor de edad
85139;7;sin datodo;2011-09-22;hombre;adulto
85001;7;sin datodo;2011-07-18;hombre;adulto
19050;7;sin datodo;2011-10-12;hombre;adulto
19318;7;sin datodo;2011-06-06;hombre;adulto
19001;7;sin datodo;2011-01-24;hombre;adulto
19001;7;sin datodo;2011-07-11;hombre;adulto
19001;7;sin datodo;2011-09-09;hombre;adulto
19001;7;sin datodo;2011-12-04;hombre;adulto
19698;7;sin datodo;2011-08-06;mujer;adulto
20517;7;sin datodo;2011-03-16;hombre;adulto
27413;7;sin datodo;2011-11-30;hombre;adulto
27001;7;sin datodo;2011-11-29;hombre;menor de edad
23162;7;sin datodo;2011-01-22;mujer;menor de edad
23466;7;sin datodo;2011-05-31;mujer;menor de edad
23001;7;sin datodo;2011-01-27;mujer;adulto
11001;7;sin datodo;2011-01-13;hombre;adulto
11001;7;sin datodo;2011-02-05;hombre;adulto
11001;7;sin datodo;2011-02-20;hombre;adulto
11001;7;sin datodo;2011-03-03;hombre;adulto
11001;7;sin datodo;2011-03-12;hombre;adulto
11001;7;sin datodo;2011-05-27;mujer;menor de edad
11001;7;sin datodo;2011-06-20;hombre;adulto
11001;7;sin datodo;2011-11-09;mujer;menor de edad
11001;7;sin datodo;2011-11-09;mujer;adulto
25269;7;sin datodo;2011-01-29;hombre;menor de edad
25290;7;sin datodo;2011-03-13;hombre;adulto
25718;7;sin datodo;2011-07-05;mujer;adulto
25718;7;sin datodo;2011-07-05;hombre;adulto
25743;7;sin datodo;2011-08-21;hombre;adulto
25769;7;sin datodo;2011-01-24;mujer;menor de edad
25799;7;sin datodo;2011-08-23;hombre;adulto
41001;7;sin datodo;2011-02-23;hombre;adulto
41524;7;sin datodo;2011-05-18;hombre;adulto
41551;7;sin datodo;2011-06-30;hombre;adulto
50001;7;sin datodo;2011-01-20;hombre;adulto
50001;7;sin datodo;2011-07-08;hombre;menor de edad
50001;7;sin datodo;2011-09-01;hombre;adulto
50001;7;sin datodo;2011-10-17;hombre;adulto
52317;7;sin datodo;2011-03-25;hombre;adulto
52356;7;sin datodo;2011-08-28;mujer;menor de edad
52001;7;sin datodo;2011-06-10;hombre;adulto
52001;7;sin datodo;2011-11-21;hombre;adulto
52001;7;sin datodo;2011-11-24;mujer;adulto
52835;7;sin datodo;2011-09-26;hombre;adulto
52788;7;sin datodo;2011-02-22;mujer;menor de edad
54206;7;sin datodo;2011-11-30;hombre;menor de edad
54001;7;sin datodo;2011-04-24;mujer;adulto
54001;7;sin datodo;2011-04-24;hombre;adulto
54261;7;sin datodo;2011-08-03;hombre;adulto
54800;7;sin datodo;2011-08-30;hombre;adulto
86001;7;sin datodo;2011-05-12;hombre;adulto
73319;7;sin datodo;2011-07-11;mujer;menor de edad
73001;7;sin datodo;2011-06-04;mujer;menor de edad
73001;7;sin datodo;2011-11-24;hombre;adulto
73408;7;sin datodo;2011-11-29;mujer;menor de edad
76109;7;sin datodo;2011-11-15;mujer;adulto
76001;7;sin datodo;2011-02-07;mujer;adulto
76001;7;sin datodo;2011-02-12;mujer;menor de edad
76001;7;sin datodo;2011-03-10;mujer;menor de edad
76001;7;sin datodo;2011-03-25;mujer;menor de edad
76001;7;sin datodo;2011-05-30;mujer;adulto
76001;7;sin datodo;2011-06-12;hombre;adulto
76001;7;sin datodo;2011-06-24;hombre;menor de edad
76001;7;sin datodo;2011-08-13;hombre;adulto
76001;7;sin datodo;2011-09-14;hombre;adulto
76001;7;sin datodo;2011-10-08;hombre;adulto
76001;7;sin datodo;2011-11-01;hombre;adulto
76001;7;sin datodo;2011-11-09;hombre;adulto
76001;7;sin datodo;2011-11-11;hombre;adulto
76001;7;sin datodo;2011-12-15;hombre;adulto
76001;7;sin datodo;2011-12-30;hombre;adulto
76111;7;sin datodo;2011-11-19;hombre;menor de edad
76403;7;sin datodo;2011-03-16;hombre;adulto
76670;7;sin datodo;2011-10-11;mujer;menor de edad
81001;7;sin datodo;2011-05-31;mujer;adulto
23001;7;sin datodo;2011-05-04;hombre;adulto
76001;7;sin datodo;2011-04-04;hombre;menor de edad
76736;7;sin datodo;2011-09-11;mujer;menor de edad
5318;7;arma blanca / cortopunzante;2012-07-03;hombre;adulto
5001;7;arma blanca / cortopunzante;2012-07-04;hombre;adulto
5001;7;arma blanca / cortopunzante;2012-07-31;hombre;adulto
5001;7;arma blanca / cortopunzante;2012-08-12;mujer;menor de edad
5001;7;arma blanca / cortopunzante;2012-09-08;hombre;adulto
5001;7;arma blanca / cortopunzante;2012-10-04;hombre;adulto
5001;7;arma blanca / cortopunzante;2012-10-23;mujer;adulto
81001;7;arma blanca / cortopunzante;2012-09-04;hombre;adulto
81001;7;arma blanca / cortopunzante;2012-12-09;mujer;adulto
81736;7;arma blanca / cortopunzante;2012-02-18;hombre;adulto
81736;7;arma blanca / cortopunzante;2012-05-19;hombre;adulto
81736;7;arma blanca / cortopunzante;2012-07-24;mujer;adulto
81794;7;arma blanca / cortopunzante;2012-02-28;hombre;adulto
81794;7;arma blanca / cortopunzante;2012-03-12;hombre;adulto
81794;7;arma blanca / cortopunzante;2012-04-13;hombre;adulto
81794;7;arma blanca / cortopunzante;2012-06-06;hombre;adulto
81794;7;arma blanca / cortopunzante;2012-08-23;hombre;adulto
81794;7;arma blanca / cortopunzante;2012-10-15;hombre;adulto
81794;7;arma blanca / cortopunzante;2012-12-02;hombre;adulto
13160;7;arma blanca / cortopunzante;2012-08-23;hombre;adulto
13433;7;arma blanca / cortopunzante;2012-02-28;hombre;adulto
15131;7;arma blanca / cortopunzante;2012-01-11;hombre;adulto
15176;7;arma blanca / cortopunzante;2012-03-31;mujer;adulto
15176;7;arma blanca / cortopunzante;2012-03-31;hombre;adulto
15425;7;arma blanca / cortopunzante;2012-09-18;hombre;menor de edad
15759;7;arma blanca / cortopunzante;2012-07-25;hombre;adulto
15764;7;arma blanca / cortopunzante;2012-05-05;mujer;adulto
15764;7;arma blanca / cortopunzante;2012-05-05;hombre;adulto
15790;7;arma blanca / cortopunzante;2012-02-03;mujer;adulto
18247;7;arma blanca / cortopunzante;2012-01-28;hombre;adulto
18410;7;arma blanca / cortopunzante;2012-04-28;hombre;adulto
18753;7;arma blanca / cortopunzante;2012-05-23;hombre;adulto
85010;7;arma blanca / cortopunzante;2012-02-19;mujer;adulto
85010;7;arma blanca / cortopunzante;2012-02-19;hombre;adulto
85250;7;arma blanca / cortopunzante;2012-06-03;hombre;adulto
85440;7;arma blanca / cortopunzante;2012-09-12;mujer;adulto
85440;7;arma blanca / cortopunzante;2012-09-12;hombre;adulto
85440;7;arma blanca / cortopunzante;2012-09-12;hombre;menor de edad
85001;7;arma blanca / cortopunzante;2012-10-28;hombre;adulto
19130;7;arma blanca / cortopunzante;2012-10-26;mujer;adulto
19142;7;arma blanca / cortopunzante;2012-05-29;hombre;adulto
19256;7;arma blanca / cortopunzante;2012-06-19;hombre;adulto
19450;7;arma blanca / cortopunzante;2012-04-11;hombre;adulto
19533;7;arma blanca / cortopunzante;2012-12-20;hombre;adulto
19001;7;arma blanca / cortopunzante;2012-07-01;hombre;adulto
19001;7;arma blanca / cortopunzante;2012-07-14;hombre;adulto
19001;7;arma blanca / cortopunzante;2012-10-15;hombre;adulto
19001;7;arma blanca / cortopunzante;2012-12-13;mujer;adulto
19622;7;arma blanca / cortopunzante;2012-05-28;hombre;adulto
19824;7;arma blanca / cortopunzante;2012-11-29;hombre;adulto
20011;7;arma blanca / cortopunzante;2012-03-04;hombre;adulto
20060;7;arma blanca / cortopunzante;2012-02-17;hombre;adulto
20295;7;arma blanca / cortopunzante;2012-02-17;hombre;adulto
20517;7;arma blanca / cortopunzante;2012-09-22;hombre;adulto
27413;7;arma blanca / cortopunzante;2012-05-29;hombre;adulto
27491;7;arma blanca / cortopunzante;2012-03-03;hombre;adulto
25001;7;arma blanca / cortopunzante;2012-08-11;hombre;adulto
11001;7;arma blanca / cortopunzante;2012-01-05;mujer;adulto
11001;7;arma blanca / cortopunzante;2012-01-12;hombre;adulto
11001;7;arma blanca / cortopunzante;2012-01-19;hombre;adulto
11001;7;arma blanca / cortopunzante;2012-01-22;mujer;adulto
11001;7;arma blanca / cortopunzante;2012-01-27;mujer;adulto
11001;7;arma blanca / cortopunzante;2012-02-01;mujer;adulto
11001;7;arma blanca / cortopunzante;2012-02-07;hombre;adulto
11001;7;arma blanca / cortopunzante;2012-02-13;hombre;adulto
11001;7;arma blanca / cortopunzante;2012-03-02;hombre;adulto
11001;7;arma blanca / cortopunzante;2012-03-31;mujer;adulto
11001;7;arma blanca / cortopunzante;2012-04-04;hombre;adulto
11001;7;arma blanca / cortopunzante;2012-04-04;mujer;adulto
11001;7;arma blanca / cortopunzante;2012-04-04;hombre;adulto
11001;7;arma blanca / cortopunzante;2012-04-13;hombre;adulto
11001;7;arma blanca / cortopunzante;2012-04-22;mujer;adulto
11001;7;arma blanca / cortopunzante;2012-04-29;hombre;adulto
11001;7;arma blanca / cortopunzante;2012-05-11;mujer;adulto
11001;7;arma blanca / cortopunzante;2012-06-14;hombre;adulto
11001;7;arma blanca / cortopunzante;2012-06-21;hombre;adulto
11001;7;arma blanca / cortopunzante;2012-08-08;hombre;adulto
11001;7;arma blanca / cortopunzante;2012-08-10;mujer;adulto
11001;7;arma blanca / cortopunzante;2012-08-16;hombre;adulto
11001;7;arma blanca / cortopunzante;2012-08-17;hombre;adulto
11001;7;arma blanca / cortopunzante;2012-08-28;hombre;adulto
11001;7;arma blanca / cortopunzante;2012-09-07;hombre;adulto
11001;7;arma blanca / cortopunzante;2012-11-04;hombre;adulto
25175;7;arma blanca / cortopunzante;2012-06-06;hombre;adulto
25438;7;arma blanca / cortopunzante;2012-10-17;mujer;adulto
25438;7;arma blanca / cortopunzante;2012-10-17;hombre;adulto
25799;7;arma blanca / cortopunzante;2012-11-01;hombre;adulto
44090;7;arma blanca / cortopunzante;2012-10-01;hombre;adulto
44430;7;arma blanca / cortopunzante;2012-02-24;hombre;adulto
44430;7;arma blanca / cortopunzante;2012-04-03;hombre;adulto
44430;7;arma blanca / cortopunzante;2012-11-08;hombre;adulto
44001;7;arma blanca / cortopunzante;2012-08-19;mujer;adulto
44001;7;arma blanca / cortopunzante;2012-08-19;hombre;adulto
44001;7;arma blanca / cortopunzante;2012-09-12;mujer;menor de edad
41503;7;arma blanca / cortopunzante;2012-10-15;hombre;adulto
41524;7;arma blanca / cortopunzante;2012-08-16;hombre;adulto
41530;7;arma blanca / cortopunzante;2012-12-03;hombre;adulto
47001;7;arma blanca / cortopunzante;2012-11-11;hombre;adulto
47980;7;arma blanca / cortopunzante;2012-11-15;hombre;adulto
50573;7;arma blanca / cortopunzante;2012-05-23;hombre;adulto
50001;7;arma blanca / cortopunzante;2012-07-18;hombre;adulto
50711;7;arma blanca / cortopunzante;2012-06-13;hombre;adulto
52320;7;arma blanca / cortopunzante;2012-04-30;mujer;adulto
52320;7;arma blanca / cortopunzante;2012-04-30;hombre;adulto
52356;7;arma blanca / cortopunzante;2012-01-22;mujer;adulto
52356;7;arma blanca / cortopunzante;2012-06-08;hombre;adulto
52356;7;arma blanca / cortopunzante;2012-06-27;hombre;adulto
52378;7;arma blanca / cortopunzante;2012-02-07;mujer;adulto
52699;7;arma blanca / cortopunzante;2012-03-15;mujer;adulto
52838;7;arma blanca / cortopunzante;2012-06-06;hombre;adulto
54099;7;arma blanca / cortopunzante;2012-10-30;hombre;adulto
54172;7;arma blanca / cortopunzante;2012-10-01;mujer;menor de edad
54172;7;arma blanca / cortopunzante;2012-10-01;mujer;adulto
54172;7;arma blanca / cortopunzante;2012-10-01;hombre;adulto
54206;7;arma blanca / cortopunzante;2012-12-21;hombre;adulto
54001;7;arma blanca / cortopunzante;2012-02-22;hombre;adulto
54001;7;arma blanca / cortopunzante;2012-02-25;hombre;adulto
54001;7;arma blanca / cortopunzante;2012-06-01;hombre;adulto
54001;7;arma blanca / cortopunzante;2012-07-15;hombre;adulto
54001;7;arma blanca / cortopunzante;2012-09-30;hombre;adulto
54261;7;arma blanca / cortopunzante;2012-12-29;mujer;menor de edad
54498;7;arma blanca / cortopunzante;2012-08-23;hombre;adulto
54660;7;arma blanca / cortopunzante;2012-06-16;mujer;menor de edad
54820;7;arma blanca / cortopunzante;2012-03-27;hombre;adulto
66001;7;arma blanca / cortopunzante;2012-11-20;hombre;menor de edad
68101;7;arma blanca / cortopunzante;2012-04-24;hombre;adulto
68780;7;arma blanca / cortopunzante;2012-04-22;hombre;adulto
73001;7;arma blanca / cortopunzante;2012-11-17;mujer;menor de edad
73563;7;arma blanca / cortopunzante;2012-10-16;hombre;adulto
76109;7;arma blanca / cortopunzante;2012-02-25;hombre;adulto
76001;7;arma blanca / cortopunzante;2012-05-04;hombre;adulto
76001;7;arma blanca / cortopunzante;2012-05-22;hombre;adulto
76001;7;arma blanca / cortopunzante;2012-09-15;mujer;adulto
76001;7;arma blanca / cortopunzante;2012-09-16;hombre;menor de edad
76001;7;arma blanca / cortopunzante;2012-10-01;hombre;adulto
76001;7;arma blanca / cortopunzante;2012-11-26;mujer;adulto
76001;7;arma blanca / cortopunzante;2012-11-26;hombre;adulto
76001;7;arma blanca / cortopunzante;2012-11-27;hombre;adulto
76147;7;arma blanca / cortopunzante;2012-11-20;hombre;adulto
76243;7;arma blanca / cortopunzante;2012-02-16;mujer;adulto
76834;7;arma blanca / cortopunzante;2012-01-12;hombre;adulto
76834;7;arma blanca / cortopunzante;2012-04-20;hombre;adulto
99524;7;arma blanca / cortopunzante;2012-05-30;hombre;adulto
85010;7;arma de fuego;2012-04-24;hombre;adulto
85250;7;arma de fuego;2012-06-14;hombre;menor de edad
85250;7;arma de fuego;2012-06-14;hombre;menor de edad
19050;7;arma de fuego;2012-07-10;hombre;adulto
52210;7;arma de fuego;2012-06-24;hombre;adulto
54498;7;arma de fuego;2012-10-20;hombre;adulto
54820;7;arma de fuego;2012-04-11;hombre;adulto
76001;7;arma de fuego;2012-01-10;hombre;adulto
76520;7;arma de fuego;2012-12-16;hombre;adulto
5031;7;sin datodo;2012-07-30;hombre;adulto
5129;7;sin datodo;2012-10-11;hombre;adulto
5318;7;sin datodo;2012-03-28;hombre;adulto
5360;7;sin datodo;2012-06-07;hombre;adulto
5001;7;sin datodo;2012-03-23;hombre;adulto
5001;7;sin datodo;2012-05-21;mujer;adulto
5001;7;sin datodo;2012-08-14;hombre;adulto
5001;7;sin datodo;2012-11-19;hombre;adulto
5615;7;sin datodo;2012-04-21;hombre;adulto
5890;7;sin datodo;2012-12-20;mujer;menor de edad
81001;7;sin datodo;2012-06-01;mujer;adulto
81001;7;sin datodo;2012-06-24;hombre;adulto
81736;7;sin datodo;2012-07-24;mujer;adulto
81736;7;sin datodo;2012-12-12;hombre;adulto
8001;7;sin datodo;2012-01-13;mujer;menor de edad
8001;7;sin datodo;2012-03-26;mujer;menor de edad
8001;7;sin datodo;2012-07-03;hombre;menor de edad
15176;7;sin datodo;2012-05-05;hombre;menor de edad
15325;7;sin datodo;2012-10-27;hombre;adulto
15599;7;sin datodo;2012-10-13;hombre;adulto
15759;7;sin datodo;2012-02-24;mujer;menor de edad
15001;7;sin datodo;2012-10-09;hombre;menor de edad
17001;7;sin datodo;2012-03-15;mujer;menor de edad
17001;7;sin datodo;2012-10-07;hombre;adulto
17777;7;sin datodo;2012-11-29;hombre;menor de edad
18001;7;sin datodo;2012-10-16;hombre;adulto
18001;7;sin datodo;2012-12-06;mujer;adulto
18460;7;sin datodo;2012-03-28;hombre;adulto
18753;7;sin datodo;2012-10-24;mujer;adulto
85010;7;sin datodo;2012-06-30;hombre;adulto
85001;7;sin datodo;2012-02-17;mujer;adulto
85001;7;sin datodo;2012-08-19;mujer;adulto
85001;7;sin datodo;2012-08-19;hombre;adulto
85001;7;sin datodo;2012-09-24;hombre;adulto
19001;7;sin datodo;2012-08-30;mujer;menor de edad
19001;7;sin datodo;2012-08-30;hombre;menor de edad
19001;7;sin datodo;2012-12-17;hombre;adulto
19698;7;sin datodo;2012-12-08;mujer;adulto
19698;7;sin datodo;2012-12-08;hombre;adulto
20011;7;sin datodo;2012-11-24;mujer;adulto
20011;7;sin datodo;2012-11-24;hombre;menor de edad
20250;7;sin datodo;2012-01-08;mujer;menor de edad
20710;7;sin datodo;2012-01-20;hombre;adulto
20710;7;sin datodo;2012-08-15;hombre;adulto
20787;7;sin datodo;2012-08-27;hombre;adulto
20001;7;sin datodo;2012-07-23;hombre;adulto
27001;7;sin datodo;2012-01-05;hombre;adulto
23001;7;sin datodo;2012-08-06;hombre;adulto
25019;7;sin datodo;2012-05-10;hombre;menor de edad
11001;7;sin datodo;2012-01-09;mujer;adulto
11001;7;sin datodo;2012-01-10;hombre;menor de edad
11001;7;sin datodo;2012-01-15;mujer;adulto
11001;7;sin datodo;2012-02-01;mujer;adulto
11001;7;sin datodo;2012-02-06;hombre;adulto
11001;7;sin datodo;2012-02-06;hombre;adulto
11001;7;sin datodo;2012-02-13;mujer;adulto
11001;7;sin datodo;2012-02-28;mujer;adulto
11001;7;sin datodo;2012-03-12;hombre;adulto
11001;7;sin datodo;2012-03-26;hombre;menor de edad
11001;7;sin datodo;2012-04-18;hombre;adulto
11001;7;sin datodo;2012-04-28;hombre;adulto
11001;7;sin datodo;2012-06-06;mujer;adulto
11001;7;sin datodo;2012-06-17;mujer;menor de edad
11001;7;sin datodo;2012-06-22;hombre;adulto
11001;7;sin datodo;2012-08-21;hombre;menor de edad
11001;7;sin datodo;2012-11-09;hombre;adulto
11001;7;sin datodo;2012-11-15;hombre;adulto
25290;7;sin datodo;2012-12-30;hombre;adulto
25754;7;sin datodo;2012-01-30;mujer;adulto
25785;7;sin datodo;2012-04-26;hombre;adulto
44001;7;sin datodo;2012-02-21;mujer;adulto
44001;7;sin datodo;2012-12-17;mujer;adulto
41551;7;sin datodo;2012-06-06;hombre;adulto
41551;7;sin datodo;2012-08-26;mujer;adulto
47058;7;sin datodo;2012-01-04;hombre;adulto
47001;7;sin datodo;2012-06-05;mujer;adulto
47001;7;sin datodo;2012-06-29;hombre;adulto
47980;7;sin datodo;2012-05-16;mujer;adulto
47980;7;sin datodo;2012-05-16;mujer;menor de edad
50313;7;sin datodo;2012-12-27;mujer;adulto
50689;7;sin datodo;2012-02-18;hombre;adulto
50001;7;sin datodo;2012-01-27;mujer;menor de edad
52203;7;sin datodo;2012-09-12;mujer;adulto
52317;7;sin datodo;2012-01-22;hombre;adulto
52378;7;sin datodo;2012-11-24;hombre;adulto
52838;7;sin datodo;2012-01-17;hombre;adulto
52838;7;sin datodo;2012-08-11;hombre;adulto
54405;7;sin datodo;2012-06-07;hombre;adulto
66001;7;sin datodo;2012-05-04;mujer;adulto
73030;7;sin datodo;2012-06-23;mujer;menor de edad
73124;7;sin datodo;2012-05-31;mujer;menor de edad
73001;7;sin datodo;2012-02-15;mujer;menor de edad
73001;7;sin datodo;2012-03-26;mujer;adulto
73449;7;sin datodo;2012-09-27;hombre;adulto
73563;7;sin datodo;2012-02-28;mujer;menor de edad
73624;7;sin datodo;2012-01-23;mujer;adulto
76109;7;sin datodo;2012-03-04;hombre;adulto
76109;7;sin datodo;2012-12-03;hombre;adulto
76122;7;sin datodo;2012-10-07;mujer;menor de edad
76001;7;sin datodo;2012-07-11;hombre;adulto
76001;7;sin datodo;2012-12-07;hombre;adulto
5148;7;sin datodo;2012-06-15;hombre;adulto
81736;7;sin datodo;2012-02-18;mujer;adulto
81736;7;sin datodo;2012-02-18;hombre;adulto
18860;7;sin datodo;2012-03-06;hombre;menor de edad
11001;7;sin datodo;2012-02-24;hombre;adulto
11001;7;sin datodo;2012-04-17;hombre;adulto
44430;7;sin datodo;2012-05-01;hombre;adulto
50568;7;sin datodo;2012-03-22;hombre;adulto
52215;7;sin datodo;2012-03-12;hombre;adulto
52356;7;sin datodo;2012-03-05;hombre;menor de edad
52356;7;sin datodo;2012-03-05;hombre;adulto
54261;7;sin datodo;2012-03-11;hombre;menor de edad
76001;7;sin datodo;2012-06-16;hombre;adulto
5031;7;arma blanca / cortopunzante;2013-09-05;hombre;adulto
5045;7;arma blanca / cortopunzante;2013-07-12;hombre;adulto
5045;7;arma blanca / cortopunzante;2013-09-18;mujer;adulto
5079;7;arma blanca / cortopunzante;2013-12-08;hombre;adulto
5091;7;arma blanca / cortopunzante;2013-02-14;hombre;menor de edad
5197;7;arma blanca / cortopunzante;2013-09-30;mujer;adulto
5148;7;arma blanca / cortopunzante;2013-04-01;hombre;adulto
5284;7;arma blanca / cortopunzante;2013-10-25;hombre;adulto
5001;7;arma blanca / cortopunzante;2013-10-04;hombre;adulto
5001;7;arma blanca / cortopunzante;2013-12-02;hombre;adulto
5674;7;arma blanca / cortopunzante;2013-05-05;mujer;adulto
5674;7;arma blanca / cortopunzante;2013-05-05;hombre;menor de edad
5686;7;arma blanca / cortopunzante;2013-02-26;hombre;adulto
81001;7;arma blanca / cortopunzante;2013-03-18;hombre;adulto
81001;7;arma blanca / cortopunzante;2013-10-22;mujer;adulto
81001;7;arma blanca / cortopunzante;2013-10-22;hombre;adulto
81001;7;arma blanca / cortopunzante;2013-12-16;hombre;adulto
81065;7;arma blanca / cortopunzante;2013-04-07;hombre;adulto
81065;7;arma blanca / cortopunzante;2013-10-18;hombre;adulto
81736;7;arma blanca / cortopunzante;2013-03-03;mujer;adulto
81736;7;arma blanca / cortopunzante;2013-03-03;hombre;menor de edad
81736;7;arma blanca / cortopunzante;2013-03-03;hombre;adulto
81736;7;arma blanca / cortopunzante;2013-09-10;hombre;adulto
81736;7;arma blanca / cortopunzante;2013-09-26;mujer;adulto
81736;7;arma blanca / cortopunzante;2013-10-30;hombre;adulto
81794;7;arma blanca / cortopunzante;2013-07-23;hombre;menor de edad
81794;7;arma blanca / cortopunzante;2013-09-26;hombre;adulto
81794;7;arma blanca / cortopunzante;2013-12-03;hombre;adulto
8560;7;arma blanca / cortopunzante;2013-05-16;hombre;adulto
8758;7;arma blanca / cortopunzante;2013-10-18;hombre;adulto
15104;7;arma blanca / cortopunzante;2013-08-19;mujer;adulto
15104;7;arma blanca / cortopunzante;2013-08-19;hombre;adulto
15176;7;arma blanca / cortopunzante;2013-02-08;mujer;adulto
15176;7;arma blanca / cortopunzante;2013-04-22;hombre;menor de edad
15176;7;arma blanca / cortopunzante;2013-07-28;hombre;adulto
15759;7;arma blanca / cortopunzante;2013-09-23;hombre;adulto
18001;7;arma blanca / cortopunzante;2013-09-26;hombre;adulto
18592;7;arma blanca / cortopunzante;2013-04-05;hombre;adulto
85010;7;arma blanca / cortopunzante;2013-12-06;hombre;adulto
85250;7;arma blanca / cortopunzante;2013-12-11;mujer;adulto
85001;7;arma blanca / cortopunzante;2013-01-11;mujer;adulto
85001;7;arma blanca / cortopunzante;2013-06-11;hombre;adulto
85001;7;arma blanca / cortopunzante;2013-11-05;hombre;adulto
19355;7;arma blanca / cortopunzante;2013-07-07;hombre;adulto
19450;7;arma blanca / cortopunzante;2013-01-22;hombre;adulto
19455;7;arma blanca / cortopunzante;2013-08-13;hombre;menor de edad
19513;7;arma blanca / cortopunzante;2013-04-30;mujer;adulto
19517;7;arma blanca / cortopunzante;2013-12-06;hombre;adulto
19548;7;arma blanca / cortopunzante;2013-09-21;hombre;adulto
19001;7;arma blanca / cortopunzante;2013-02-23;hombre;adulto
19585;7;arma blanca / cortopunzante;2013-04-01;hombre;adulto
19698;7;arma blanca / cortopunzante;2013-01-20;mujer;adulto
19698;7;arma blanca / cortopunzante;2013-04-11;hombre;adulto
19698;7;arma blanca / cortopunzante;2013-05-09;mujer;adulto
19698;7;arma blanca / cortopunzante;2013-05-09;hombre;adulto
19698;7;arma blanca / cortopunzante;2013-05-09;hombre;adulto
19780;7;arma blanca / cortopunzante;2013-07-30;mujer;adulto
19780;7;arma blanca / cortopunzante;2013-07-30;hombre;adulto
19824;7;arma blanca / cortopunzante;2013-12-07;hombre;adulto
20032;7;arma blanca / cortopunzante;2013-04-05;hombre;adulto
20310;7;arma blanca / cortopunzante;2013-02-23;hombre;adulto
20550;7;arma blanca / cortopunzante;2013-05-01;mujer;adulto
27075;7;arma blanca / cortopunzante;2013-04-21;hombre;menor de edad
27205;7;arma blanca / cortopunzante;2013-02-23;hombre;adulto
27205;7;arma blanca / cortopunzante;2013-11-30;hombre;adulto
27425;7;arma blanca / cortopunzante;2013-10-18;hombre;adulto
27001;7;arma blanca / cortopunzante;2013-03-04;hombre;adulto
27001;7;arma blanca / cortopunzante;2013-08-18;hombre;adulto
27001;7;arma blanca / cortopunzante;2013-08-25;hombre;adulto
27787;7;arma blanca / cortopunzante;2013-07-06;mujer;adulto
23079;7;arma blanca / cortopunzante;2013-05-03;mujer;adulto
23678;7;arma blanca / cortopunzante;2013-08-06;hombre;adulto
11001;7;arma blanca / cortopunzante;2013-01-10;hombre;adulto
11001;7;arma blanca / cortopunzante;2013-01-17;hombre;adulto
11001;7;arma blanca / cortopunzante;2013-01-31;hombre;adulto
11001;7;arma blanca / cortopunzante;2013-03-05;hombre;adulto
11001;7;arma blanca / cortopunzante;2013-03-05;hombre;adulto
11001;7;arma blanca / cortopunzante;2013-03-19;hombre;menor de edad
11001;7;arma blanca / cortopunzante;2013-03-21;hombre;adulto
11001;7;arma blanca / cortopunzante;2013-04-14;mujer;adulto
11001;7;arma blanca / cortopunzante;2013-05-21;hombre;adulto
11001;7;arma blanca / cortopunzante;2013-05-22;hombre;adulto
11001;7;arma blanca / cortopunzante;2013-07-15;mujer;menor de edad
11001;7;arma blanca / cortopunzante;2013-08-04;mujer;adulto
11001;7;arma blanca / cortopunzante;2013-09-17;mujer;adulto
11001;7;arma blanca / cortopunzante;2013-09-26;mujer;adulto
11001;7;arma blanca / cortopunzante;2013-10-17;hombre;adulto
11001;7;arma blanca / cortopunzante;2013-10-20;hombre;adulto
11001;7;arma blanca / cortopunzante;2013-10-23;hombre;adulto
11001;7;arma blanca / cortopunzante;2013-11-06;hombre;adulto
11001;7;arma blanca / cortopunzante;2013-11-08;mujer;adulto
11001;7;arma blanca / cortopunzante;2013-11-16;mujer;menor de edad
11001;7;arma blanca / cortopunzante;2013-12-19;hombre;adulto
25290;7;arma blanca / cortopunzante;2013-08-21;mujer;adulto
25645;7;arma blanca / cortopunzante;2013-03-10;mujer;adulto
25645;7;arma blanca / cortopunzante;2013-03-10;mujer;menor de edad
25645;7;arma blanca / cortopunzante;2013-03-10;hombre;adulto
25754;7;arma blanca / cortopunzante;2013-06-09;mujer;adulto
44430;7;arma blanca / cortopunzante;2013-01-12;hombre;adulto
41551;7;arma blanca / cortopunzante;2013-08-11;hombre;adulto
41770;7;arma blanca / cortopunzante;2013-08-17;mujer;menor de edad
41807;7;arma blanca / cortopunzante;2013-06-14;hombre;adulto
50313;7;arma blanca / cortopunzante;2013-04-15;hombre;adulto
50318;7;arma blanca / cortopunzante;2013-04-20;mujer;adulto
50330;7;arma blanca / cortopunzante;2013-10-22;hombre;adulto
52356;7;arma blanca / cortopunzante;2013-01-09;hombre;adulto
52678;7;arma blanca / cortopunzante;2013-11-13;mujer;adulto
52678;7;arma blanca / cortopunzante;2013-11-13;hombre;adulto
52835;7;arma blanca / cortopunzante;2013-12-19;mujer;menor de edad
54003;7;arma blanca / cortopunzante;2013-03-12;hombre;adulto
54174;7;arma blanca / cortopunzante;2013-05-22;hombre;adulto
54206;7;arma blanca / cortopunzante;2013-11-22;hombre;adulto
54261;7;arma blanca / cortopunzante;2013-09-05;hombre;adulto
54498;7;arma blanca / cortopunzante;2013-03-02;hombre;adulto
86320;7;arma blanca / cortopunzante;2013-02-03;hombre;adulto
86749;7;arma blanca / cortopunzante;2013-02-15;hombre;adulto
86749;7;arma blanca / cortopunzante;2013-12-06;hombre;adulto
86885;7;arma blanca / cortopunzante;2013-10-07;mujer;adulto
86885;7;arma blanca / cortopunzante;2013-12-31;mujer;adulto
63001;7;arma blanca / cortopunzante;2013-07-23;hombre;adulto
63001;7;arma blanca / cortopunzante;2013-11-27;hombre;adulto
63594;7;arma blanca / cortopunzante;2013-10-16;mujer;adulto
66170;7;arma blanca / cortopunzante;2013-11-23;hombre;menor de edad
66001;7;arma blanca / cortopunzante;2013-01-12;hombre;adulto
66001;7;arma blanca / cortopunzante;2013-03-14;hombre;adulto
66001;7;arma blanca / cortopunzante;2013-11-11;hombre;adulto
66682;7;arma blanca / cortopunzante;2013-05-03;hombre;adulto
68307;7;arma blanca / cortopunzante;2013-03-05;hombre;adulto
68397;7;arma blanca / cortopunzante;2013-02-06;mujer;adulto
73148;7;arma blanca / cortopunzante;2013-07-08;hombre;adulto
73268;7;arma blanca / cortopunzante;2013-10-01;hombre;adulto
73268;7;arma blanca / cortopunzante;2013-10-14;hombre;adulto
73268;7;arma blanca / cortopunzante;2013-11-18;hombre;adulto
73319;7;arma blanca / cortopunzante;2013-10-17;hombre;adulto
73411;7;arma blanca / cortopunzante;2013-01-31;hombre;adulto
76109;7;arma blanca / cortopunzante;2013-05-26;mujer;adulto
76109;7;arma blanca / cortopunzante;2013-07-15;hombre;adulto
76109;7;arma blanca / cortopunzante;2013-12-29;hombre;adulto
76001;7;arma blanca / cortopunzante;2013-01-12;hombre;adulto
76001;7;arma blanca / cortopunzante;2013-02-04;hombre;adulto
76001;7;arma blanca / cortopunzante;2013-03-19;hombre;adulto
76001;7;arma blanca / cortopunzante;2013-04-15;mujer;adulto
76001;7;arma blanca / cortopunzante;2013-05-09;mujer;adulto
76001;7;arma blanca / cortopunzante;2013-08-08;hombre;adulto
76001;7;arma blanca / cortopunzante;2013-08-09;mujer;adulto
76001;7;arma blanca / cortopunzante;2013-08-09;hombre;menor de edad
76001;7;arma blanca / cortopunzante;2013-10-31;hombre;adulto
76001;7;arma blanca / cortopunzante;2013-11-09;mujer;adulto
76001;7;arma blanca / cortopunzante;2013-12-05;hombre;adulto
76001;7;arma blanca / cortopunzante;2013-12-10;hombre;adulto
76520;7;arma blanca / cortopunzante;2013-01-29;hombre;adulto
76563;7;arma blanca / cortopunzante;2013-03-05;hombre;adulto
76834;7;arma blanca / cortopunzante;2013-11-03;hombre;adulto
76834;7;arma blanca / cortopunzante;2013-12-17;mujer;adulto
99773;7;arma blanca / cortopunzante;2013-09-18;hombre;adulto
5631;7;arma de fuego;2013-08-10;hombre;adulto
13490;7;arma de fuego;2013-01-18;hombre;adulto
15001;7;arma de fuego;2013-06-28;hombre;adulto
85440;7;arma de fuego;2013-02-09;hombre;adulto
85001;7;arma de fuego;2013-02-25;hombre;adulto
19533;7;arma de fuego;2013-01-30;hombre;adulto
19701;7;arma de fuego;2013-03-27;hombre;adulto
27001;7;arma de fuego;2013-09-03;hombre;adulto
11001;7;arma de fuego;2013-06-19;hombre;adulto
11001;7;arma de fuego;2013-07-09;hombre;adulto
86885;7;arma de fuego;2013-01-01;hombre;adulto
68001;7;arma de fuego;2013-07-27;hombre;adulto
73616;7;arma de fuego;2013-06-08;mujer;adulto
76001;7;arma de fuego;2013-01-29;hombre;adulto
76001;7;arma de fuego;2013-02-25;hombre;adulto
76563;7;arma de fuego;2013-01-25;hombre;adulto
5038;7;sin datodo;2013-07-27;mujer;adulto
5038;7;sin datodo;2013-07-27;hombre;adulto
5079;7;sin datodo;2013-09-02;hombre;adulto
5250;7;sin datodo;2013-06-17;hombre;menor de edad
5360;7;sin datodo;2013-03-08;hombre;menor de edad
5001;7;sin datodo;2013-01-06;hombre;adulto
5001;7;sin datodo;2013-06-10;hombre;adulto
5001;7;sin datodo;2013-07-23;hombre;adulto
5001;7;sin datodo;2013-09-27;hombre;adulto
5001;7;sin datodo;2013-12-14;mujer;menor de edad
81001;7;sin datodo;2013-01-11;mujer;adulto
81001;7;sin datodo;2013-04-16;mujer;adulto
81001;7;sin datodo;2013-04-20;mujer;adulto
81001;7;sin datodo;2013-08-18;hombre;menor de edad
81001;7;sin datodo;2013-10-14;hombre;adulto
81794;7;sin datodo;2013-03-16;hombre;adulto
81794;7;sin datodo;2013-07-16;hombre;adulto
8001;7;sin datodo;2013-09-09;hombre;adulto
13001;7;sin datodo;2013-06-28;hombre;menor de edad
15104;7;sin datodo;2013-01-28;hombre;adulto
15514;7;sin datodo;2013-01-11;hombre;adulto
15407;7;sin datodo;2013-04-27;mujer;adulto
17873;7;sin datodo;2013-08-02;hombre;menor de edad
18753;7;sin datodo;2013-04-02;hombre;adulto
85010;7;sin datodo;2013-05-15;hombre;adulto
85139;7;sin datodo;2013-07-25;hombre;adulto
85001;7;sin datodo;2013-02-12;mujer;menor de edad
85001;7;sin datodo;2013-03-12;mujer;adulto
85001;7;sin datodo;2013-11-15;hombre;adulto
19397;7;sin datodo;2013-04-15;hombre;adulto
27001;7;sin datodo;2013-12-13;mujer;adulto
11001;7;sin datodo;2013-01-09;hombre;menor de edad
11001;7;sin datodo;2013-01-11;mujer;adulto
11001;7;sin datodo;2013-03-19;mujer;adulto
11001;7;sin datodo;2013-05-08;hombre;adulto
11001;7;sin datodo;2013-05-10;mujer;adulto
11001;7;sin datodo;2013-05-15;hombre;adulto
11001;7;sin datodo;2013-05-16;hombre;adulto
11001;7;sin datodo;2013-05-26;hombre;adulto
11001;7;sin datodo;2013-05-28;mujer;menor de edad
11001;7;sin datodo;2013-06-06;mujer;adulto
11001;7;sin datodo;2013-06-29;hombre;adulto
11001;7;sin datodo;2013-07-03;mujer;menor de edad
11001;7;sin datodo;2013-07-20;hombre;menor de edad
11001;7;sin datodo;2013-10-03;mujer;adulto
11001;7;sin datodo;2013-10-28;mujer;adulto
11001;7;sin datodo;2013-10-31;mujer;adulto
25183;7;sin datodo;2013-07-10;hombre;adulto
25430;7;sin datodo;2013-06-24;hombre;adulto
25772;7;sin datodo;2013-02-27;hombre;menor de edad
44847;7;sin datodo;2013-05-14;mujer;adulto
44847;7;sin datodo;2013-05-14;hombre;adulto
95025;7;sin datodo;2013-06-20;hombre;adulto
95001;7;sin datodo;2013-03-26;hombre;menor de edad
47001;7;sin datodo;2013-11-26;mujer;menor de edad
50330;7;sin datodo;2013-06-04;mujer;adulto
50001;7;sin datodo;2013-05-22;mujer;menor de edad
50001;7;sin datodo;2013-06-04;mujer;adulto
52001;7;sin datodo;2013-03-13;hombre;adulto
52001;7;sin datodo;2013-08-05;mujer;menor de edad
54003;7;sin datodo;2013-06-24;hombre;adulto
54001;7;sin datodo;2013-02-23;mujer;menor de edad
54001;7;sin datodo;2013-05-17;hombre;menor de edad
54001;7;sin datodo;2013-06-12;mujer;menor de edad
54405;7;sin datodo;2013-09-24;hombre;adulto
54498;7;sin datodo;2013-05-24;hombre;adulto
54810;7;sin datodo;2013-11-05;hombre;adulto
86569;7;sin datodo;2013-07-29;hombre;adulto
86571;7;sin datodo;2013-03-14;mujer;menor de edad
66001;7;sin datodo;2013-02-26;hombre;menor de edad
70215;7;sin datodo;2013-11-13;mujer;menor de edad
73001;7;sin datodo;2013-03-01;mujer;menor de edad
76109;7;sin datodo;2013-01-11;hombre;adulto
76109;7;sin datodo;2013-04-17;hombre;adulto
76109;7;sin datodo;2013-07-03;hombre;adulto
76001;7;sin datodo;2013-04-04;mujer;menor de edad
76001;7;sin datodo;2013-05-08;hombre;adulto
76001;7;sin datodo;2013-09-20;hombre;adulto
76520;7;sin datodo;2013-07-17;hombre;adulto
76616;7;sin datodo;2013-02-19;mujer;menor de edad
76616;7;sin datodo;2013-05-02;hombre;adulto
76828;7;sin datodo;2013-02-26;hombre;adulto
11001;7;sin empleo de armas;2013-05-24;hombre;adulto
68255;7;sin empleo de armas;2013-12-30;mujer;adulto
68255;7;sin empleo de armas;2013-12-30;hombre;adulto
81001;7;sin datodo;2013-01-26;hombre;adulto
85430;7;sin datodo;2013-04-17;hombre;adulto
19450;7;sin datodo;2013-08-28;hombre;adulto
50001;7;sin datodo;2013-02-27;hombre;adulto
76001;7;sin datodo;2013-08-04;mujer;menor de edad
76520;7;sin datodo;2013-01-25;hombre;adulto
5093;7;arma blanca / cortopunzante;2014-03-08;mujer;menor de edad
5120;7;arma blanca / cortopunzante;2014-02-17;hombre;adulto
5172;7;arma blanca / cortopunzante;2014-04-29;hombre;adulto
5101;7;arma blanca / cortopunzante;2014-04-24;hombre;adulto
5347;7;arma blanca / cortopunzante;2014-02-04;hombre;adulto
5400;7;arma blanca / cortopunzante;2014-10-08;hombre;adulto
5001;7;arma blanca / cortopunzante;2014-02-22;hombre;menor de edad
5579;7;arma blanca / cortopunzante;2014-06-12;hombre;adulto
5615;7;arma blanca / cortopunzante;2014-03-28;hombre;adulto
5890;7;arma blanca / cortopunzante;2014-03-09;hombre;adulto
81001;7;arma blanca / cortopunzante;2014-01-30;hombre;adulto
81001;7;arma blanca / cortopunzante;2014-02-09;hombre;adulto
81001;7;arma blanca / cortopunzante;2014-05-10;mujer;adulto
81001;7;arma blanca / cortopunzante;2014-05-10;hombre;adulto
81001;7;arma blanca / cortopunzante;2014-07-01;hombre;adulto
81065;7;arma blanca / cortopunzante;2014-01-26;hombre;adulto
81065;7;arma blanca / cortopunzante;2014-02-15;hombre;adulto
81300;7;arma blanca / cortopunzante;2014-03-27;hombre;adulto
81300;7;arma blanca / cortopunzante;2014-07-18;hombre;adulto
81300;7;arma blanca / cortopunzante;2014-09-08;hombre;adulto
81736;7;arma blanca / cortopunzante;2014-03-26;hombre;adulto
81736;7;arma blanca / cortopunzante;2014-04-13;hombre;adulto
81736;7;arma blanca / cortopunzante;2014-05-15;hombre;adulto
81736;7;arma blanca / cortopunzante;2014-07-25;hombre;adulto
81794;7;arma blanca / cortopunzante;2014-02-04;hombre;adulto
81794;7;arma blanca / cortopunzante;2014-03-23;mujer;adulto
81794;7;arma blanca / cortopunzante;2014-03-23;hombre;adulto
81794;7;arma blanca / cortopunzante;2014-04-15;hombre;adulto
81794;7;arma blanca / cortopunzante;2014-08-24;hombre;adulto
15204;7;arma blanca / cortopunzante;2014-03-12;hombre;adulto
15204;7;arma blanca / cortopunzante;2014-03-12;hombre;adulto
15238;7;arma blanca / cortopunzante;2014-08-23;hombre;adulto
15522;7;arma blanca / cortopunzante;2014-07-28;mujer;adulto
15646;7;arma blanca / cortopunzante;2014-07-03;hombre;adulto
18205;7;arma blanca / cortopunzante;2014-05-19;hombre;adulto
85325;7;arma blanca / cortopunzante;2014-03-28;mujer;menor de edad
19075;7;arma blanca / cortopunzante;2014-02-22;hombre;adulto
19110;7;arma blanca / cortopunzante;2014-06-03;hombre;adulto
19001;7;arma blanca / cortopunzante;2014-03-03;mujer;adulto
19845;7;arma blanca / cortopunzante;2014-09-05;hombre;adulto
20011;7;arma blanca / cortopunzante;2014-08-25;hombre;adulto
20228;7;arma blanca / cortopunzante;2014-01-17;hombre;adulto
20228;7;arma blanca / cortopunzante;2014-06-29;hombre;adulto
20310;7;arma blanca / cortopunzante;2014-09-07;hombre;adulto
27001;7;arma blanca / cortopunzante;2014-02-10;hombre;adulto
27001;7;arma blanca / cortopunzante;2014-09-09;hombre;adulto
11001;7;arma blanca / cortopunzante;2014-02-12;hombre;adulto
11001;7;arma blanca / cortopunzante;2014-03-06;hombre;menor de edad
11001;7;arma blanca / cortopunzante;2014-06-18;mujer;adulto
11001;7;arma blanca / cortopunzante;2014-06-24;hombre;adulto
11001;7;arma blanca / cortopunzante;2014-07-10;hombre;adulto
11001;7;arma blanca / cortopunzante;2014-07-12;hombre;adulto
25307;7;arma blanca / cortopunzante;2014-01-03;mujer;adulto
25473;7;arma blanca / cortopunzante;2014-04-09;hombre;adulto
25754;7;arma blanca / cortopunzante;2014-01-11;hombre;menor de edad
25878;7;arma blanca / cortopunzante;2014-01-24;hombre;adulto
44035;7;arma blanca / cortopunzante;2014-06-13;hombre;adulto
44430;7;arma blanca / cortopunzante;2014-07-02;hombre;adulto
44001;7;arma blanca / cortopunzante;2014-09-30;hombre;adulto
44847;7;arma blanca / cortopunzante;2014-06-11;mujer;adulto
44847;7;arma blanca / cortopunzante;2014-08-13;hombre;adulto
41349;7;arma blanca / cortopunzante;2014-04-05;hombre;adulto
41359;7;arma blanca / cortopunzante;2014-07-13;hombre;adulto
41530;7;arma blanca / cortopunzante;2014-02-09;mujer;adulto
41799;7;arma blanca / cortopunzante;2014-02-04;hombre;adulto
47707;7;arma blanca / cortopunzante;2014-07-28;hombre;adulto
47001;7;arma blanca / cortopunzante;2014-05-09;hombre;adulto
47980;7;arma blanca / cortopunzante;2014-03-11;hombre;adulto
50006;7;arma blanca / cortopunzante;2014-06-11;mujer;adulto
50226;7;arma blanca / cortopunzante;2014-04-11;hombre;adulto
50711;7;arma blanca / cortopunzante;2014-03-19;hombre;adulto
52079;7;arma blanca / cortopunzante;2014-05-12;hombre;adulto
52001;7;arma blanca / cortopunzante;2014-04-25;hombre;adulto
52835;7;arma blanca / cortopunzante;2014-01-09;mujer;adulto
52835;7;arma blanca / cortopunzante;2014-03-05;hombre;adulto
52835;7;arma blanca / cortopunzante;2014-05-03;hombre;adulto
54206;7;arma blanca / cortopunzante;2014-01-10;hombre;adulto
54206;7;arma blanca / cortopunzante;2014-09-06;hombre;adulto
54001;7;arma blanca / cortopunzante;2014-02-12;hombre;adulto
54001;7;arma blanca / cortopunzante;2014-03-23;mujer;adulto
54239;7;arma blanca / cortopunzante;2014-01-13;hombre;adulto
54245;7;arma blanca / cortopunzante;2014-02-06;hombre;adulto
54261;7;arma blanca / cortopunzante;2014-03-16;hombre;adulto
54261;7;arma blanca / cortopunzante;2014-07-22;hombre;adulto
54398;7;arma blanca / cortopunzante;2014-02-05;hombre;adulto
54498;7;arma blanca / cortopunzante;2014-02-14;hombre;adulto
54498;7;arma blanca / cortopunzante;2014-05-08;hombre;adulto
54498;7;arma blanca / cortopunzante;2014-07-13;hombre;adulto
54871;7;arma blanca / cortopunzante;2014-04-23;hombre;adulto
54874;7;arma blanca / cortopunzante;2014-03-30;mujer;adulto
86001;7;arma blanca / cortopunzante;2014-10-05;hombre;adulto
86885;7;arma blanca / cortopunzante;2014-09-11;hombre;adulto
66001;7;arma blanca / cortopunzante;2014-01-04;hombre;adulto
68307;7;arma blanca / cortopunzante;2014-03-29;mujer;adulto
68327;7;arma blanca / cortopunzante;2014-03-04;hombre;adulto
70473;7;arma blanca / cortopunzante;2014-10-10;hombre;adulto
73030;7;arma blanca / cortopunzante;2014-06-29;hombre;adulto
73168;7;arma blanca / cortopunzante;2014-04-23;mujer;adulto
73168;7;arma blanca / cortopunzante;2014-05-13;hombre;adulto
73319;7;arma blanca / cortopunzante;2014-02-07;mujer;adulto
73319;7;arma blanca / cortopunzante;2014-02-07;hombre;adulto
73624;7;arma blanca / cortopunzante;2014-07-15;mujer;adulto
73624;7;arma blanca / cortopunzante;2014-07-15;hombre;adulto
76100;7;arma blanca / cortopunzante;2014-08-19;hombre;adulto
76109;7;arma blanca / cortopunzante;2014-01-13;hombre;adulto
76109;7;arma blanca / cortopunzante;2014-03-12;hombre;menor de edad
76109;7;arma blanca / cortopunzante;2014-03-30;hombre;adulto
76109;7;arma blanca / cortopunzante;2014-06-01;hombre;adulto
76109;7;arma blanca / cortopunzante;2014-06-09;hombre;adulto
76001;7;arma blanca / cortopunzante;2014-03-06;hombre;menor de edad
76001;7;arma blanca / cortopunzante;2014-09-16;mujer;adulto
76364;7;arma blanca / cortopunzante;2014-02-20;hombre;adulto
76616;7;arma blanca / cortopunzante;2014-02-26;mujer;menor de edad
81794;7;arma de fuego;2014-03-14;hombre;adulto
81794;7;arma de fuego;2014-11-09;hombre;adulto
17174;7;arma de fuego;2014-01-21;mujer;adulto
19455;7;arma de fuego;2014-11-14;mujer;adulto
19455;7;arma de fuego;2014-11-14;hombre;adulto
19001;7;arma de fuego;2014-12-06;mujer;adulto
20517;7;arma de fuego;2014-09-13;hombre;adulto
27025;7;arma de fuego;2014-12-16;hombre;adulto
27073;7;arma de fuego;2014-09-09;hombre;adulto
27001;7;arma de fuego;2014-11-16;mujer;adulto
27001;7;arma de fuego;2014-11-16;hombre;adulto
11001;7;arma de fuego;2014-04-14;hombre;adulto
11001;7;arma de fuego;2014-08-26;hombre;adulto
11001;7;arma de fuego;2014-10-03;hombre;adulto
44279;7;arma de fuego;2014-11-06;hombre;adulto
44001;7;arma de fuego;2014-11-29;hombre;adulto
41020;7;arma de fuego;2014-08-26;hombre;adulto
47001;7;arma de fuego;2014-04-20;mujer;adulto
50325;7;arma de fuego;2014-11-12;hombre;adulto
52079;7;arma de fuego;2014-12-14;hombre;adulto
52215;7;arma de fuego;2014-08-30;mujer;adulto
52835;7;arma de fuego;2014-09-22;hombre;menor de edad
52720;7;arma de fuego;2014-10-22;hombre;adulto
54261;7;arma de fuego;2014-12-02;hombre;adulto
54398;7;arma de fuego;2014-10-20;hombre;adulto
54498;7;arma de fuego;2014-10-15;hombre;adulto
86885;7;arma de fuego;2014-11-20;hombre;adulto
73275;7;arma de fuego;2014-01-17;mujer;menor de edad
73275;7;arma de fuego;2014-01-17;hombre;menor de edad
73275;7;arma de fuego;2014-01-17;hombre;adulto
73001;7;arma de fuego;2014-09-08;hombre;adulto
73616;7;arma de fuego;2014-05-02;hombre;adulto
73624;7;arma de fuego;2014-12-19;hombre;menor de edad
73861;7;arma de fuego;2014-11-13;hombre;adulto
76109;7;arma de fuego;2014-12-01;hombre;adulto
76109;7;arma de fuego;2014-12-03;mujer;adulto
76001;7;arma de fuego;2014-01-18;hombre;adulto
76001;7;arma de fuego;2014-03-31;hombre;adulto
76001;7;arma de fuego;2014-09-05;hombre;adulto
76126;7;arma de fuego;2014-01-27;hombre;adulto
76248;7;arma de fuego;2014-07-25;hombre;adulto
18001;7;sin empleo de armas;2014-03-25;hombre;adulto
5001;7;sin datodo;2014-01-26;hombre;adulto
5001;7;sin datodo;2014-05-24;hombre;adulto
5001;7;sin datodo;2014-06-16;mujer;adulto
5001;7;sin datodo;2014-07-14;mujer;adulto
5001;7;sin datodo;2014-08-08;mujer;adulto
5042;7;sin datodo;2014-08-10;mujer;menor de edad
5736;7;sin datodo;2014-05-01;hombre;adulto
81001;7;sin datodo;2014-10-17;hombre;adulto
81300;7;sin datodo;2014-06-01;hombre;adulto
13600;7;sin datodo;2014-11-26;hombre;adulto
13836;7;sin datodo;2014-11-26;mujer;adulto
15189;7;sin datodo;2014-06-27;mujer;adulto
15189;7;sin datodo;2014-06-27;hombre;adulto
15367;7;sin datodo;2014-02-25;mujer;adulto
15759;7;sin datodo;2014-08-16;hombre;adulto
15001;7;sin datodo;2014-03-31;mujer;adulto
18001;7;sin datodo;2014-02-16;hombre;adulto
85440;7;sin datodo;2014-10-20;mujer;adulto
19022;7;sin datodo;2014-11-25;hombre;menor de edad
19300;7;sin datodo;2014-05-29;mujer;menor de edad
19548;7;sin datodo;2014-11-24;hombre;menor de edad
19001;7;sin datodo;2014-07-20;hombre;adulto
19698;7;sin datodo;2014-07-17;mujer;menor de edad
20383;7;sin datodo;2014-05-29;hombre;adulto
20400;7;sin datodo;2014-03-31;hombre;adulto
20550;7;sin datodo;2014-09-22;mujer;adulto
27361;7;sin datodo;2014-08-07;hombre;adulto
23466;7;sin datodo;2014-11-26;hombre;adulto
11001;7;sin datodo;2014-01-13;hombre;adulto
11001;7;sin datodo;2014-01-20;mujer;adulto
11001;7;sin datodo;2014-01-26;mujer;adulto
11001;7;sin datodo;2014-02-05;mujer;adulto
11001;7;sin datodo;2014-02-18;hombre;adulto
11001;7;sin datodo;2014-03-20;hombre;adulto
11001;7;sin datodo;2014-05-30;hombre;adulto
11001;7;sin datodo;2014-06-11;mujer;menor de edad
11001;7;sin datodo;2014-06-16;mujer;adulto
11001;7;sin datodo;2014-07-12;hombre;adulto
11001;7;sin datodo;2014-07-15;mujer;adulto
11001;7;sin datodo;2014-07-21;hombre;menor de edad
11001;7;sin datodo;2014-07-30;hombre;adulto
11001;7;sin datodo;2014-08-25;hombre;adulto
11001;7;sin datodo;2014-08-31;mujer;menor de edad
11001;7;sin datodo;2014-09-30;hombre;adulto
11001;7;sin datodo;2014-10-21;mujer;adulto
25815;7;sin datodo;2014-09-11;hombre;adulto
44430;7;sin datodo;2014-07-03;mujer;menor de edad
44001;7;sin datodo;2014-09-18;mujer;menor de edad
44650;7;sin datodo;2014-06-07;hombre;adulto
41132;7;sin datodo;2014-08-27;hombre;adulto
41797;7;sin datodo;2014-08-02;hombre;menor de edad
50006;7;sin datodo;2014-12-04;hombre;adulto
50450;7;sin datodo;2014-10-27;mujer;adulto
50001;7;sin datodo;2014-02-14;mujer;adulto
50001;7;sin datodo;2014-02-14;hombre;adulto
50001;7;sin datodo;2014-06-11;mujer;adulto
50001;7;sin datodo;2014-06-11;hombre;adulto
52786;7;sin datodo;2014-05-13;hombre;adulto
54001;7;sin datodo;2014-06-26;hombre;adulto
54398;7;sin datodo;2014-06-02;hombre;adulto
54498;7;sin datodo;2014-03-10;mujer;menor de edad
54553;7;sin datodo;2014-02-27;hombre;adulto
54820;7;sin datodo;2014-08-06;hombre;adulto
86568;7;sin datodo;2014-02-17;mujer;adulto
86865;7;sin datodo;2014-12-20;hombre;adulto
86885;7;sin datodo;2014-04-26;hombre;adulto
86885;7;sin datodo;2014-05-08;mujer;adulto
63272;7;sin datodo;2014-07-06;hombre;adulto
68001;7;sin datodo;2014-01-30;hombre;adulto
68679;7;sin datodo;2014-05-21;mujer;adulto
70001;7;sin datodo;2014-02-24;mujer;menor de edad
70001;7;sin datodo;2014-07-22;hombre;adulto
73026;7;sin datodo;2014-07-02;hombre;adulto
73148;7;sin datodo;2014-10-17;hombre;adulto
73268;7;sin datodo;2014-06-10;mujer;menor de edad
73268;7;sin datodo;2014-08-02;hombre;adulto
73319;7;sin datodo;2014-04-14;mujer;adulto
73001;7;sin datodo;2014-04-22;mujer;menor de edad
73001;7;sin datodo;2014-05-13;mujer;adulto
73001;7;sin datodo;2014-07-05;mujer;adulto
73352;7;sin datodo;2014-04-10;mujer;adulto
73352;7;sin datodo;2014-04-10;hombre;adulto
73449;7;sin datodo;2014-05-18;mujer;adulto
76001;7;sin datodo;2014-01-10;hombre;adulto
76001;7;sin datodo;2014-04-10;hombre;adulto
76001;7;sin datodo;2014-06-20;mujer;menor de edad
76001;7;sin datodo;2014-08-24;hombre;menor de edad
76001;7;sin datodo;2014-10-30;hombre;menor de edad
76306;7;sin datodo;2014-10-22;hombre;adulto
76364;7;sin datodo;2014-12-14;hombre;adulto
76520;7;sin datodo;2014-08-14;mujer;adulto
76606;7;sin datodo;2014-12-27;hombre;adulto
76892;7;sin datodo;2014-11-27;mujer;menor de edad
5147;7;arma blanca / cortopunzante;2015-04-20;hombre;menor de edad
5001;7;arma blanca / cortopunzante;2015-08-01;mujer;adulto
19001;7;arma blanca / cortopunzante;2015-01-01;mujer;adulto
19001;7;arma blanca / cortopunzante;2015-01-25;mujer;adulto
20001;7;arma blanca / cortopunzante;2015-06-26;mujer;menor de edad
11001;7;arma blanca / cortopunzante;2015-05-02;hombre;adulto
47001;7;arma blanca / cortopunzante;2015-06-26;mujer;menor de edad
50325;7;arma blanca / cortopunzante;2015-01-18;mujer;adulto
50325;7;arma blanca / cortopunzante;2015-01-18;hombre;adulto
50001;7;arma blanca / cortopunzante;2015-08-16;mujer;menor de edad
54001;7;arma blanca / cortopunzante;2015-08-21;hombre;menor de edad
54001;7;arma blanca / cortopunzante;2015-10-29;mujer;adulto
76147;7;arma blanca / cortopunzante;2015-11-03;hombre;menor de edad
76246;7;arma blanca / cortopunzante;2015-06-29;hombre;adulto
5079;7;arma de fuego;2015-03-02;hombre;adulto
5088;7;arma de fuego;2015-07-21;hombre;menor de edad
5088;7;arma de fuego;2015-07-29;hombre;adulto
5129;7;arma de fuego;2015-01-13;hombre;adulto
5212;7;arma de fuego;2015-01-23;hombre;adulto
5266;7;arma de fuego;2015-07-29;hombre;adulto
5440;7;arma de fuego;2015-05-29;hombre;adulto
5001;7;arma de fuego;2015-01-19;mujer;adulto
5001;7;arma de fuego;2015-01-19;hombre;adulto
5001;7;arma de fuego;2015-06-13;hombre;adulto
5001;7;arma de fuego;2015-08-04;hombre;adulto
5001;7;arma de fuego;2015-09-02;mujer;adulto
5001;7;arma de fuego;2015-09-02;hombre;adulto
5001;7;arma de fuego;2015-09-10;hombre;adulto
5001;7;arma de fuego;2015-09-25;hombre;adulto
5001;7;arma de fuego;2015-11-02;mujer;adulto
5001;7;arma de fuego;2015-11-04;mujer;adulto
5490;7;arma de fuego;2015-09-07;hombre;adulto
5490;7;arma de fuego;2015-10-28;mujer;adulto
5490;7;arma de fuego;2015-10-28;hombre;menor de edad
5631;7;arma de fuego;2015-04-11;hombre;adulto
81001;7;arma de fuego;2015-01-15;hombre;adulto
81001;7;arma de fuego;2015-05-02;hombre;adulto
81065;7;arma de fuego;2015-05-02;hombre;adulto
81300;7;arma de fuego;2015-02-27;hombre;adulto
81300;7;arma de fuego;2015-03-24;hombre;adulto
81794;7;arma de fuego;2015-01-19;hombre;adulto
81794;7;arma de fuego;2015-02-28;hombre;adulto
81794;7;arma de fuego;2015-06-12;hombre;adulto
81794;7;arma de fuego;2015-07-30;hombre;adulto
81794;7;arma de fuego;2015-08-08;mujer;adulto
81794;7;arma de fuego;2015-11-22;hombre;adulto
8001;7;arma de fuego;2015-11-18;hombre;adulto
13001;7;arma de fuego;2015-09-03;hombre;adulto
13744;7;arma de fuego;2015-11-06;hombre;adulto
15238;7;arma de fuego;2015-10-22;hombre;adulto
15001;7;arma de fuego;2015-01-14;hombre;adulto
18150;7;arma de fuego;2015-06-22;hombre;adulto
18256;7;arma de fuego;2015-01-04;hombre;adulto
18256;7;arma de fuego;2015-08-31;hombre;adulto
18001;7;arma de fuego;2015-06-01;hombre;adulto
18001;7;arma de fuego;2015-07-30;hombre;adulto
18001;7;arma de fuego;2015-08-27;hombre;adulto
18592;7;arma de fuego;2015-08-15;hombre;adulto
18753;7;arma de fuego;2015-05-11;hombre;adulto
18860;7;arma de fuego;2015-03-10;hombre;adulto
85010;7;arma de fuego;2015-02-09;hombre;adulto
85125;7;arma de fuego;2015-06-08;mujer;adulto
85125;7;arma de fuego;2015-06-08;hombre;adulto
85250;7;arma de fuego;2015-07-01;hombre;adulto
85430;7;arma de fuego;2015-09-07;hombre;adulto
85001;7;arma de fuego;2015-03-13;hombre;menor de edad
85001;7;arma de fuego;2015-07-14;hombre;menor de edad
85001;7;arma de fuego;2015-07-26;hombre;adulto
19110;7;arma de fuego;2015-05-03;mujer;adulto
19110;7;arma de fuego;2015-05-03;hombre;menor de edad
19110;7;arma de fuego;2015-12-04;hombre;adulto
19142;7;arma de fuego;2015-10-03;hombre;adulto
19212;7;arma de fuego;2015-01-06;hombre;adulto
19256;7;arma de fuego;2015-03-26;hombre;adulto
19256;7;arma de fuego;2015-09-08;hombre;adulto
19450;7;arma de fuego;2015-08-05;hombre;adulto
19548;7;arma de fuego;2015-01-15;mujer;adulto
19807;7;arma de fuego;2015-02-13;hombre;adulto
20032;7;arma de fuego;2015-10-28;hombre;adulto
20550;7;arma de fuego;2015-03-08;hombre;adulto
20001;7;arma de fuego;2015-12-19;hombre;adulto
27205;7;arma de fuego;2015-05-08;hombre;adulto
27205;7;arma de fuego;2015-06-11;hombre;adulto
27001;7;arma de fuego;2015-07-17;hombre;adulto
27787;7;arma de fuego;2015-02-10;hombre;adulto
25053;7;arma de fuego;2015-11-27;mujer;menor de edad
11001;7;arma de fuego;2015-02-06;mujer;adulto
11001;7;arma de fuego;2015-02-16;hombre;adulto
11001;7;arma de fuego;2015-03-12;hombre;adulto
11001;7;arma de fuego;2015-03-25;hombre;adulto
11001;7;arma de fuego;2015-03-27;mujer;adulto
11001;7;arma de fuego;2015-05-07;mujer;adulto
11001;7;arma de fuego;2015-07-14;hombre;adulto
11001;7;arma de fuego;2015-07-18;hombre;adulto
11001;7;arma de fuego;2015-09-01;hombre;adulto
25290;7;arma de fuego;2015-08-03;mujer;adulto
25290;7;arma de fuego;2015-08-03;hombre;adulto
25290;7;arma de fuego;2015-08-03;hombre;menor de edad
44378;7;arma de fuego;2015-04-22;mujer;adulto
44001;7;arma de fuego;2015-06-29;hombre;adulto
44001;7;arma de fuego;2015-09-02;hombre;adulto
44847;7;arma de fuego;2015-03-01;hombre;adulto
44847;7;arma de fuego;2015-05-12;hombre;adulto
95001;7;arma de fuego;2015-04-19;hombre;adulto
41799;7;arma de fuego;2015-01-04;hombre;adulto
41807;7;arma de fuego;2015-07-09;hombre;adulto
50400;7;arma de fuego;2015-06-23;hombre;adulto
50330;7;arma de fuego;2015-01-28;hombre;adulto
50573;7;arma de fuego;2015-08-28;hombre;adulto
50001;7;arma de fuego;2015-08-27;mujer;menor de edad
52079;7;arma de fuego;2015-08-20;hombre;adulto
52356;7;arma de fuego;2015-02-10;hombre;adulto
52356;7;arma de fuego;2015-10-29;hombre;adulto
52399;7;arma de fuego;2015-06-01;hombre;adulto
52405;7;arma de fuego;2015-07-21;mujer;adulto
52540;7;arma de fuego;2015-10-20;mujer;adulto
52585;7;arma de fuego;2015-12-31;hombre;adulto
52612;7;arma de fuego;2015-12-24;hombre;adulto
54003;7;arma de fuego;2015-06-04;hombre;adulto
54003;7;arma de fuego;2015-11-12;hombre;adulto
54001;7;arma de fuego;2015-06-04;mujer;menor de edad
54001;7;arma de fuego;2015-06-08;hombre;adulto
54245;7;arma de fuego;2015-02-19;mujer;adulto
54245;7;arma de fuego;2015-02-19;hombre;adulto
54245;7;arma de fuego;2015-09-16;hombre;menor de edad
54250;7;arma de fuego;2015-07-13;hombre;adulto
54385;7;arma de fuego;2015-05-12;hombre;adulto
54498;7;arma de fuego;2015-04-30;hombre;adulto
54498;7;arma de fuego;2015-09-03;hombre;adulto
54660;7;arma de fuego;2015-02-21;hombre;adulto
54673;7;arma de fuego;2015-02-28;mujer;adulto
54720;7;arma de fuego;2015-08-12;hombre;adulto
54720;7;arma de fuego;2015-11-11;hombre;adulto
54810;7;arma de fuego;2015-07-23;hombre;adulto
86001;7;arma de fuego;2015-02-14;hombre;menor de edad
86569;7;arma de fuego;2015-05-20;mujer;adulto
86569;7;arma de fuego;2015-07-07;hombre;adulto
86885;7;arma de fuego;2015-07-03;hombre;adulto
66001;7;arma de fuego;2015-09-15;mujer;adulto
66001;7;arma de fuego;2015-09-15;mujer;menor de edad
66001;7;arma de fuego;2015-09-15;hombre;adulto
68406;7;arma de fuego;2015-10-20;mujer;adulto
68655;7;arma de fuego;2015-05-22;hombre;adulto
73001;7;arma de fuego;2015-05-29;mujer;menor de edad
73001;7;arma de fuego;2015-05-29;mujer;adulto
73001;7;arma de fuego;2015-05-29;hombre;adulto
73001;7;arma de fuego;2015-09-13;mujer;menor de edad
73001;7;arma de fuego;2015-12-23;hombre;adulto
73411;7;arma de fuego;2015-03-02;hombre;adulto
73555;7;arma de fuego;2015-08-04;hombre;adulto
73861;7;arma de fuego;2015-09-30;mujer;adulto
76109;7;arma de fuego;2015-01-14;hombre;adulto
76109;7;arma de fuego;2015-03-22;mujer;adulto
76109;7;arma de fuego;2015-03-30;hombre;adulto
76109;7;arma de fuego;2015-09-02;hombre;adulto
76109;7;arma de fuego;2015-10-06;hombre;adulto
76001;7;arma de fuego;2015-06-27;hombre;adulto
76001;7;arma de fuego;2015-09-09;hombre;adulto
76001;7;arma de fuego;2015-11-23;mujer;adulto
76233;7;arma de fuego;2015-09-29;hombre;adulto
76318;7;arma de fuego;2015-12-06;hombre;adulto
76520;7;arma de fuego;2015-03-15;hombre;adulto
76834;7;arma de fuego;2015-03-10;mujer;adulto
76834;7;arma de fuego;2015-03-10;hombre;adulto
20045;7;sin datodo;2015-04-19;hombre;adulto
27787;7;sin datodo;2015-01-15;hombre;adulto
27787;7;sin datodo;2015-02-12;hombre;adulto
11001;7;sin datodo;2015-01-30;hombre;adulto
11001;7;sin datodo;2015-02-21;hombre;adulto
11001;7;sin datodo;2015-05-12;mujer;menor de edad
11001;7;sin datodo;2015-06-03;mujer;adulto
11001;7;sin datodo;2015-09-03;hombre;adulto
11001;7;sin datodo;2015-09-09;mujer;menor de edad
11001;7;sin datodo;2015-09-22;mujer;adulto
25530;7;sin datodo;2015-04-25;hombre;adulto
44001;7;sin datodo;2015-07-21;hombre;adulto
41001;7;sin datodo;2015-03-03;mujer;adulto
41551;7;sin datodo;2015-09-01;hombre;menor de edad
47001;7;sin datodo;2015-01-01;hombre;adulto
50313;7;sin datodo;2015-03-26;mujer;menor de edad
50606;7;sin datodo;2015-04-11;mujer;adulto
50001;7;sin datodo;2015-01-27;hombre;menor de edad
54261;7;sin datodo;2015-09-08;hombre;menor de edad
54810;7;sin datodo;2015-02-10;hombre;menor de edad
86568;7;sin datodo;2015-03-20;mujer;menor de edad
73001;7;sin datodo;2015-08-16;hombre;adulto
76001;7;sin datodo;2015-01-10;hombre;adulto
76001;7;sin datodo;2015-04-14;hombre;adulto
5088;7;arma blanca / cortopunzante;2016-03-27;hombre;menor de edad
5088;7;arma blanca / cortopunzante;2016-10-04;hombre;adulto
5212;7;arma blanca / cortopunzante;2016-07-17;mujer;menor de edad
5360;7;arma blanca / cortopunzante;2016-03-14;mujer;menor de edad
5360;7;arma blanca / cortopunzante;2016-10-03;mujer;menor de edad
5001;7;arma blanca / cortopunzante;2016-02-03;hombre;adulto
5001;7;arma blanca / cortopunzante;2016-03-11;hombre;adulto
5001;7;arma blanca / cortopunzante;2016-06-29;hombre;adulto
5001;7;arma blanca / cortopunzante;2016-07-03;mujer;adulto
5001;7;arma blanca / cortopunzante;2016-10-20;hombre;adulto
5579;7;arma blanca / cortopunzante;2016-08-09;hombre;menor de edad
5837;7;arma blanca / cortopunzante;2016-04-05;mujer;menor de edad
5887;7;arma blanca / cortopunzante;2016-04-02;mujer;menor de edad
81065;7;arma blanca / cortopunzante;2016-12-25;mujer;menor de edad
81794;7;arma blanca / cortopunzante;2016-01-26;hombre;adulto
13001;7;arma blanca / cortopunzante;2016-01-16;hombre;adulto
17001;7;arma blanca / cortopunzante;2016-03-31;hombre;adulto
17873;7;arma blanca / cortopunzante;2016-05-24;mujer;adulto
18592;7;arma blanca / cortopunzante;2016-04-20;hombre;menor de edad
19001;7;arma blanca / cortopunzante;2016-08-17;hombre;adulto
19698;7;arma blanca / cortopunzante;2016-12-02;hombre;adulto
20013;7;arma blanca / cortopunzante;2016-02-25;hombre;menor de edad
23001;7;arma blanca / cortopunzante;2016-06-08;mujer;adulto
23001;7;arma blanca / cortopunzante;2016-10-25;mujer;menor de edad
11001;7;arma blanca / cortopunzante;2016-01-29;hombre;adulto
11001;7;arma blanca / cortopunzante;2016-02-10;mujer;menor de edad
11001;7;arma blanca / cortopunzante;2016-04-23;mujer;adulto
11001;7;arma blanca / cortopunzante;2016-08-06;hombre;adulto
11001;7;arma blanca / cortopunzante;2016-08-17;mujer;adulto
11001;7;arma blanca / cortopunzante;2016-09-27;mujer;adulto
11001;7;arma blanca / cortopunzante;2016-10-03;mujer;adulto
11001;7;arma blanca / cortopunzante;2016-10-21;hombre;adulto
25899;7;arma blanca / cortopunzante;2016-02-09;mujer;adulto
41885;7;arma blanca / cortopunzante;2016-11-12;mujer;menor de edad
47245;7;arma blanca / cortopunzante;2016-11-30;hombre;menor de edad
54001;7;arma blanca / cortopunzante;2016-01-23;mujer;adulto
54001;7;arma blanca / cortopunzante;2016-07-07;hombre;adulto
54001;7;arma blanca / cortopunzante;2016-10-11;mujer;menor de edad
66170;7;arma blanca / cortopunzante;2016-02-21;hombre;adulto
66572;7;arma blanca / cortopunzante;2016-04-14;hombre;adulto
68307;7;arma blanca / cortopunzante;2016-07-25;hombre;menor de edad
76109;7;arma blanca / cortopunzante;2016-02-11;hombre;adulto
76109;7;arma blanca / cortopunzante;2016-04-20;hombre;adulto
76001;7;arma blanca / cortopunzante;2016-01-03;mujer;adulto
76001;7;arma blanca / cortopunzante;2016-03-31;hombre;menor de edad
76001;7;arma blanca / cortopunzante;2016-04-28;mujer;adulto
76001;7;arma blanca / cortopunzante;2016-12-06;mujer;menor de edad
76828;7;arma blanca / cortopunzante;2016-12-29;mujer;menor de edad
76834;7;arma blanca / cortopunzante;2016-05-26;mujer;adulto
5212;7;arma de fuego;2016-10-13;hombre;adulto
5360;7;arma de fuego;2016-04-22;hombre;adulto
5001;7;arma de fuego;2016-01-23;hombre;adulto
5001;7;arma de fuego;2016-01-29;hombre;adulto
5001;7;arma de fuego;2016-02-01;hombre;adulto
5001;7;arma de fuego;2016-02-08;hombre;adulto
5001;7;arma de fuego;2016-03-17;mujer;adulto
5001;7;arma de fuego;2016-03-29;hombre;adulto
5001;7;arma de fuego;2016-04-14;hombre;adulto
5001;7;arma de fuego;2016-04-27;hombre;adulto
5001;7;arma de fuego;2016-07-13;hombre;adulto
5001;7;arma de fuego;2016-07-17;hombre;adulto
5001;7;arma de fuego;2016-07-22;hombre;adulto
5001;7;arma de fuego;2016-08-12;mujer;adulto
5001;7;arma de fuego;2016-08-26;mujer;adulto
5001;7;arma de fuego;2016-10-18;hombre;adulto
5001;7;arma de fuego;2016-10-22;hombre;adulto
5001;7;arma de fuego;2016-10-23;hombre;adulto
5001;7;arma de fuego;2016-12-30;mujer;adulto
5001;7;arma de fuego;2016-12-30;hombre;adulto
5736;7;arma de fuego;2016-02-03;hombre;adulto
5854;7;arma de fuego;2016-09-16;hombre;adulto
81065;7;arma de fuego;2016-02-21;hombre;menor de edad
81065;7;arma de fuego;2016-02-29;hombre;adulto
81300;7;arma de fuego;2016-08-31;mujer;adulto
81300;7;arma de fuego;2016-08-31;hombre;adulto
81736;7;arma de fuego;2016-01-26;hombre;menor de edad
81736;7;arma de fuego;2016-06-30;hombre;adulto
81736;7;arma de fuego;2016-09-01;mujer;adulto
13001;7;arma de fuego;2016-11-11;hombre;adulto
13810;7;arma de fuego;2016-03-20;hombre;adulto
15469;7;arma de fuego;2016-12-02;hombre;adulto
85410;7;arma de fuego;2016-01-16;hombre;adulto
85440;7;arma de fuego;2016-09-13;hombre;adulto
85001;7;arma de fuego;2016-04-19;hombre;adulto
19137;7;arma de fuego;2016-01-13;hombre;adulto
19548;7;arma de fuego;2016-03-15;hombre;adulto
19001;7;arma de fuego;2016-04-02;hombre;adulto
19001;7;arma de fuego;2016-07-13;mujer;adulto
19001;7;arma de fuego;2016-07-13;mujer;menor de edad
19001;7;arma de fuego;2016-09-06;hombre;adulto
19585;7;arma de fuego;2016-07-19;hombre;adulto
19585;7;arma de fuego;2016-08-31;hombre;adulto
19585;7;arma de fuego;2016-11-01;mujer;adulto
19760;7;arma de fuego;2016-02-26;mujer;adulto
19760;7;arma de fuego;2016-02-26;hombre;adulto
19780;7;arma de fuego;2016-04-01;hombre;adulto
20013;7;arma de fuego;2016-07-12;hombre;adulto
20550;7;arma de fuego;2016-04-14;hombre;adulto
20614;7;arma de fuego;2016-03-07;mujer;adulto
20710;7;arma de fuego;2016-12-05;hombre;adulto
27025;7;arma de fuego;2016-11-05;hombre;adulto
27205;7;arma de fuego;2016-05-05;hombre;adulto
27491;7;arma de fuego;2016-06-10;hombre;adulto
27001;7;arma de fuego;2016-04-03;hombre;adulto
27787;7;arma de fuego;2016-04-06;hombre;adulto
23079;7;arma de fuego;2016-01-25;hombre;adulto
25040;7;arma de fuego;2016-05-21;mujer;menor de edad
11001;7;arma de fuego;2016-02-05;hombre;adulto
11001;7;arma de fuego;2016-03-11;hombre;adulto
11001;7;arma de fuego;2016-03-20;hombre;adulto
11001;7;arma de fuego;2016-04-21;mujer;adulto
11001;7;arma de fuego;2016-04-24;hombre;adulto
11001;7;arma de fuego;2016-05-02;mujer;adulto
11001;7;arma de fuego;2016-05-11;mujer;adulto
11001;7;arma de fuego;2016-05-17;hombre;adulto
11001;7;arma de fuego;2016-05-21;hombre;adulto
11001;7;arma de fuego;2016-07-28;hombre;adulto
11001;7;arma de fuego;2016-08-19;mujer;adulto
11001;7;arma de fuego;2016-08-19;hombre;adulto
11001;7;arma de fuego;2016-08-21;mujer;menor de edad
11001;7;arma de fuego;2016-08-30;hombre;adulto
11001;7;arma de fuego;2016-11-16;mujer;adulto
11001;7;arma de fuego;2016-12-25;mujer;adulto
11001;7;arma de fuego;2016-12-25;hombre;adulto
25394;7;arma de fuego;2016-03-31;mujer;adulto
25572;7;arma de fuego;2016-02-12;hombre;adulto
25754;7;arma de fuego;2016-08-31;hombre;adulto
44078;7;arma de fuego;2016-03-16;hombre;adulto
44430;7;arma de fuego;2016-10-27;hombre;adulto
44001;7;arma de fuego;2016-11-12;hombre;adulto
41298;7;arma de fuego;2016-01-13;mujer;menor de edad
41551;7;arma de fuego;2016-06-24;mujer;adulto
41615;7;arma de fuego;2016-03-16;hombre;adulto
47001;7;arma de fuego;2016-07-27;hombre;adulto
50001;7;arma de fuego;2016-05-19;hombre;adulto
52079;7;arma de fuego;2016-08-28;hombre;adulto
52227;7;arma de fuego;2016-08-25;hombre;adulto
52256;7;arma de fuego;2016-12-16;hombre;adulto
52405;7;arma de fuego;2016-12-29;hombre;adulto
52678;7;arma de fuego;2016-04-24;hombre;menor de edad
52838;7;arma de fuego;2016-09-02;hombre;adulto
54172;7;arma de fuego;2016-11-06;mujer;adulto
54001;7;arma de fuego;2016-03-03;hombre;adulto
54001;7;arma de fuego;2016-03-09;mujer;adulto
54001;7;arma de fuego;2016-04-06;hombre;adulto
54001;7;arma de fuego;2016-04-27;hombre;adulto
54001;7;arma de fuego;2016-06-27;mujer;adulto
54001;7;arma de fuego;2016-08-25;hombre;adulto
54001;7;arma de fuego;2016-11-24;hombre;adulto
54239;7;arma de fuego;2016-07-18;hombre;adulto
54250;7;arma de fuego;2016-05-21;mujer;adulto
54250;7;arma de fuego;2016-05-23;hombre;adulto
54250;7;arma de fuego;2016-09-05;hombre;adulto
54261;7;arma de fuego;2016-04-20;mujer;adulto
54344;7;arma de fuego;2016-04-07;hombre;adulto
54498;7;arma de fuego;2016-04-20;mujer;adulto
54518;7;arma de fuego;2016-05-10;hombre;adulto
54520;7;arma de fuego;2016-03-12;hombre;adulto
54673;7;arma de fuego;2016-03-21;hombre;adulto
54720;7;arma de fuego;2016-04-21;hombre;adulto
54810;7;arma de fuego;2016-01-31;hombre;adulto
54810;7;arma de fuego;2016-08-10;hombre;adulto
54810;7;arma de fuego;2016-08-24;hombre;adulto
86320;7;arma de fuego;2016-02-08;hombre;adulto
86320;7;arma de fuego;2016-10-14;hombre;adulto
63001;7;arma de fuego;2016-01-12;mujer;adulto
66001;7;arma de fuego;2016-04-21;hombre;adulto
66001;7;arma de fuego;2016-04-22;hombre;adulto
68081;7;arma de fuego;2016-05-08;hombre;adulto
68081;7;arma de fuego;2016-06-23;mujer;menor de edad
68207;7;arma de fuego;2016-02-15;mujer;adulto
68575;7;arma de fuego;2016-02-11;hombre;adulto
73043;7;arma de fuego;2016-01-30;hombre;adulto
73168;7;arma de fuego;2016-11-23;hombre;adulto
73319;7;arma de fuego;2016-08-23;mujer;adulto
76109;7;arma de fuego;2016-02-07;hombre;adulto
76001;7;arma de fuego;2016-01-31;mujer;menor de edad
76001;7;arma de fuego;2016-01-31;mujer;menor de edad
76001;7;arma de fuego;2016-03-09;hombre;adulto
76001;7;arma de fuego;2016-03-15;mujer;adulto
76001;7;arma de fuego;2016-03-15;hombre;menor de edad
76001;7;arma de fuego;2016-04-09;hombre;adulto
76001;7;arma de fuego;2016-11-16;hombre;adulto
76111;7;arma de fuego;2016-09-06;mujer;adulto
76497;7;arma de fuego;2016-11-13;hombre;adulto
76520;7;arma de fuego;2016-10-12;hombre;adulto
76616;7;arma de fuego;2016-04-13;hombre;adulto
76892;7;arma de fuego;2016-06-14;hombre;adulto
5001;7;armas blancas;2016-05-16;hombre;menor de edad
5129;7;contundentes;2016-11-22;mujer;adulto
25430;7;esposas;2016-07-15;mujer;menor de edad
50001;7;esposas;2016-12-23;hombre;adulto
5088;7;arma blanca / cortopunzante;2017-02-02;hombre;menor de edad
5088;7;arma blanca / cortopunzante;2017-05-07;mujer;adulto
5266;7;arma blanca / cortopunzante;2017-06-23;hombre;adulto
5001;7;arma blanca / cortopunzante;2017-03-27;hombre;adulto
5001;7;arma blanca / cortopunzante;2017-03-31;hombre;adulto
5001;7;arma blanca / cortopunzante;2017-10-12;mujer;menor de edad
81001;7;arma blanca / cortopunzante;2017-03-15;hombre;adulto
17174;7;arma blanca / cortopunzante;2017-12-22;mujer;menor de edad
18410;7;arma blanca / cortopunzante;2017-02-02;hombre;adulto
18756;7;arma blanca / cortopunzante;2017-02-19;mujer;menor de edad
19130;7;arma blanca / cortopunzante;2017-12-13;mujer;adulto
19137;7;arma blanca / cortopunzante;2017-11-05;hombre;adulto
19212;7;arma blanca / cortopunzante;2017-03-22;hombre;adulto
19698;7;arma blanca / cortopunzante;2017-08-30;mujer;menor de edad
20175;7;arma blanca / cortopunzante;2017-05-06;hombre;menor de edad
27001;7;arma blanca / cortopunzante;2017-09-30;hombre;adulto
23001;7;arma blanca / cortopunzante;2017-05-28;mujer;menor de edad
11001;7;arma blanca / cortopunzante;2017-01-20;mujer;adulto
11001;7;arma blanca / cortopunzante;2017-02-18;hombre;adulto
11001;7;arma blanca / cortopunzante;2017-06-07;hombre;adulto
11001;7;arma blanca / cortopunzante;2017-07-28;hombre;menor de edad
11001;7;arma blanca / cortopunzante;2017-08-03;mujer;menor de edad
11001;7;arma blanca / cortopunzante;2017-12-12;hombre;adulto
44090;7;arma blanca / cortopunzante;2017-07-09;mujer;adulto
44090;7;arma blanca / cortopunzante;2017-07-09;hombre;adulto
41548;7;arma blanca / cortopunzante;2017-03-11;hombre;adulto
50313;7;arma blanca / cortopunzante;2017-05-30;hombre;adulto
50573;7;arma blanca / cortopunzante;2017-04-06;mujer;menor de edad
50683;7;arma blanca / cortopunzante;2017-07-29;hombre;adulto
50001;7;arma blanca / cortopunzante;2017-10-28;hombre;adulto
52356;7;arma blanca / cortopunzante;2017-10-06;hombre;adulto
52427;7;arma blanca / cortopunzante;2017-04-26;mujer;menor de edad
54003;7;arma blanca / cortopunzante;2017-05-05;hombre;adulto
54206;7;arma blanca / cortopunzante;2017-03-24;hombre;adulto
54720;7;arma blanca / cortopunzante;2017-09-16;hombre;adulto
54810;7;arma blanca / cortopunzante;2017-03-13;mujer;adulto
54874;7;arma blanca / cortopunzante;2017-10-16;hombre;adulto
86001;7;arma blanca / cortopunzante;2017-01-30;mujer;menor de edad
86001;7;arma blanca / cortopunzante;2017-12-20;hombre;adulto
63594;7;arma blanca / cortopunzante;2017-09-16;mujer;menor de edad
66170;7;arma blanca / cortopunzante;2017-02-16;hombre;adulto
66001;7;arma blanca / cortopunzante;2017-05-23;mujer;menor de edad
66001;7;arma blanca / cortopunzante;2017-07-25;mujer;menor de edad
70001;7;arma blanca / cortopunzante;2017-07-20;mujer;menor de edad
76001;7;arma blanca / cortopunzante;2017-01-20;mujer;adulto
76001;7;arma blanca / cortopunzante;2017-01-27;hombre;adulto
76001;7;arma blanca / cortopunzante;2017-02-01;mujer;menor de edad
76001;7;arma blanca / cortopunzante;2017-02-26;hombre;adulto
76001;7;arma blanca / cortopunzante;2017-03-01;mujer;adulto
76001;7;arma blanca / cortopunzante;2017-03-17;mujer;adulto
76001;7;arma blanca / cortopunzante;2017-03-24;mujer;menor de edad
76001;7;arma blanca / cortopunzante;2017-03-30;hombre;adulto
76001;7;arma blanca / cortopunzante;2017-06-18;hombre;adulto
76001;7;arma blanca / cortopunzante;2017-07-08;hombre;adulto
76001;7;arma blanca / cortopunzante;2017-12-08;mujer;menor de edad
76111;7;arma blanca / cortopunzante;2017-08-30;hombre;menor de edad
76364;7;arma blanca / cortopunzante;2017-01-17;mujer;adulto
76892;7;arma blanca / cortopunzante;2017-05-28;mujer;adulto
99001;7;arma blanca / cortopunzante;2017-07-27;hombre;adulto
5088;7;arma de fuego;2017-02-15;hombre;adulto
5088;7;arma de fuego;2017-05-17;hombre;menor de edad
5138;7;arma de fuego;2017-08-20;hombre;adulto
5266;7;arma de fuego;2017-05-19;hombre;adulto
5318;7;arma de fuego;2017-10-17;mujer;adulto
5001;7;arma de fuego;2017-06-05;hombre;adulto
5001;7;arma de fuego;2017-08-30;hombre;adulto
5001;7;arma de fuego;2017-10-02;hombre;adulto
5579;7;arma de fuego;2017-09-06;mujer;adulto
5631;7;arma de fuego;2017-10-05;hombre;adulto
5642;7;arma de fuego;2017-12-05;hombre;adulto
81065;7;arma de fuego;2017-01-23;hombre;adulto
81065;7;arma de fuego;2017-01-31;hombre;adulto
81300;7;arma de fuego;2017-01-26;hombre;adulto
81736;7;arma de fuego;2017-03-29;hombre;adulto
8758;7;arma de fuego;2017-03-22;hombre;adulto
15238;7;arma de fuego;2017-08-18;hombre;adulto
17380;7;arma de fuego;2017-03-16;hombre;adulto
17388;7;arma de fuego;2017-11-22;hombre;adulto
18029;7;arma de fuego;2017-01-17;hombre;adulto
18001;7;arma de fuego;2017-03-30;hombre;adulto
18460;7;arma de fuego;2017-03-28;hombre;adulto
18753;7;arma de fuego;2017-12-31;hombre;adulto
85263;7;arma de fuego;2017-07-13;hombre;adulto
19022;7;arma de fuego;2017-09-24;hombre;adulto
19022;7;arma de fuego;2017-09-30;hombre;adulto
19130;7;arma de fuego;2017-11-30;hombre;menor de edad
19137;7;arma de fuego;2017-04-13;mujer;adulto
19137;7;arma de fuego;2017-07-23;hombre;adulto
19137;7;arma de fuego;2017-10-26;hombre;adulto
19290;7;arma de fuego;2017-11-14;mujer;adulto
19300;7;arma de fuego;2017-04-25;hombre;adulto
19355;7;arma de fuego;2017-12-12;hombre;adulto
19397;7;arma de fuego;2017-12-22;hombre;adulto
19001;7;arma de fuego;2017-01-20;hombre;adulto
19698;7;arma de fuego;2017-05-28;hombre;adulto
19807;7;arma de fuego;2017-12-27;hombre;adulto
19824;7;arma de fuego;2017-12-04;hombre;adulto
20011;7;arma de fuego;2017-05-24;hombre;adulto
20614;7;arma de fuego;2017-12-10;hombre;adulto
27600;7;arma de fuego;2017-07-11;hombre;adulto
27660;7;arma de fuego;2017-03-12;mujer;adulto
27660;7;arma de fuego;2017-03-12;hombre;adulto
27787;7;arma de fuego;2017-08-19;hombre;adulto
23001;7;arma de fuego;2017-12-27;hombre;adulto
23678;7;arma de fuego;2017-06-12;hombre;adulto
11001;7;arma de fuego;2017-05-12;hombre;adulto
11001;7;arma de fuego;2017-07-24;hombre;adulto
11001;7;arma de fuego;2017-10-17;hombre;adulto
25438;7;arma de fuego;2017-03-26;mujer;menor de edad
44035;7;arma de fuego;2017-04-06;mujer;adulto
44078;7;arma de fuego;2017-08-29;hombre;adulto
44090;7;arma de fuego;2017-05-19;hombre;adulto
44430;7;arma de fuego;2017-01-06;hombre;adulto
44430;7;arma de fuego;2017-03-31;hombre;adulto
95200;7;arma de fuego;2017-05-03;hombre;adulto
41026;7;arma de fuego;2017-11-26;hombre;adulto
41518;7;arma de fuego;2017-01-07;hombre;adulto
41807;7;arma de fuego;2017-10-12;mujer;adulto
41807;7;arma de fuego;2017-10-12;hombre;adulto
50006;7;arma de fuego;2017-04-07;mujer;adulto
50006;7;arma de fuego;2017-10-02;hombre;menor de edad
50150;7;arma de fuego;2017-07-27;mujer;adulto
50450;7;arma de fuego;2017-04-27;mujer;adulto
50001;7;arma de fuego;2017-09-20;mujer;adulto
52079;7;arma de fuego;2017-04-05;hombre;adulto
52224;7;arma de fuego;2017-07-28;mujer;adulto
52356;7;arma de fuego;2017-05-15;hombre;adulto
52385;7;arma de fuego;2017-11-15;mujer;menor de edad
52585;7;arma de fuego;2017-11-27;hombre;adulto
52621;7;arma de fuego;2017-07-07;hombre;adulto
52835;7;arma de fuego;2017-04-12;hombre;adulto
52835;7;arma de fuego;2017-05-27;hombre;adulto
52835;7;arma de fuego;2017-07-12;hombre;adulto
52835;7;arma de fuego;2017-07-12;hombre;menor de edad
52835;7;arma de fuego;2017-09-17;hombre;adulto
54174;7;arma de fuego;2017-06-12;hombre;adulto
54206;7;arma de fuego;2017-08-09;hombre;adulto
54206;7;arma de fuego;2017-11-14;hombre;adulto
54001;7;arma de fuego;2017-09-28;hombre;adulto
54001;7;arma de fuego;2017-10-03;hombre;adulto
54239;7;arma de fuego;2017-05-26;hombre;adulto
54245;7;arma de fuego;2017-02-16;hombre;adulto
54250;7;arma de fuego;2017-06-17;hombre;adulto
54261;7;arma de fuego;2017-08-03;mujer;adulto
54498;7;arma de fuego;2017-04-22;hombre;adulto
54498;7;arma de fuego;2017-05-18;hombre;adulto
54498;7;arma de fuego;2017-08-02;hombre;adulto
54498;7;arma de fuego;2017-08-24;hombre;adulto
54660;7;arma de fuego;2017-03-12;mujer;menor de edad
54660;7;arma de fuego;2017-03-12;hombre;adulto
54810;7;arma de fuego;2017-08-23;hombre;adulto
54810;7;arma de fuego;2017-09-26;mujer;adulto
54820;7;arma de fuego;2017-07-22;hombre;adulto
54874;7;arma de fuego;2017-09-13;hombre;adulto
86320;7;arma de fuego;2017-05-29;mujer;adulto
86320;7;arma de fuego;2017-09-25;hombre;adulto
86568;7;arma de fuego;2017-04-04;hombre;adulto
86571;7;arma de fuego;2017-06-01;mujer;adulto
86865;7;arma de fuego;2017-02-04;hombre;adulto
86885;7;arma de fuego;2017-02-02;hombre;adulto
63272;7;arma de fuego;2017-10-23;hombre;adulto
66001;7;arma de fuego;2017-05-23;hombre;adulto
66572;7;arma de fuego;2017-08-20;hombre;adulto
68081;7;arma de fuego;2017-03-19;hombre;adulto
68081;7;arma de fuego;2017-10-27;hombre;adulto
73449;7;arma de fuego;2017-10-02;mujer;adulto
76109;7;arma de fuego;2017-01-10;hombre;adulto
76109;7;arma de fuego;2017-03-13;mujer;adulto
76109;7;arma de fuego;2017-04-22;hombre;adulto
76109;7;arma de fuego;2017-06-15;hombre;adulto
76001;7;arma de fuego;2017-02-13;hombre;adulto
76001;7;arma de fuego;2017-02-14;hombre;adulto
76001;7;arma de fuego;2017-03-30;hombre;adulto
76001;7;arma de fuego;2017-04-03;mujer;menor de edad
76001;7;arma de fuego;2017-04-07;mujer;adulto
76001;7;arma de fuego;2017-05-31;hombre;adulto
76001;7;arma de fuego;2017-06-27;hombre;adulto
76233;7;arma de fuego;2017-05-28;hombre;adulto
76243;7;arma de fuego;2017-07-06;hombre;adulto
76246;7;arma de fuego;2017-04-04;hombre;adulto
76364;7;arma de fuego;2017-04-19;hombre;adulto
76364;7;arma de fuego;2017-09-21;hombre;adulto
76863;7;arma de fuego;2017-07-23;hombre;adulto
97001;7;arma de fuego;2017-03-08;hombre;adulto
76109;7;esposas;2017-05-09;mujer;adulto
76001;7;esposas;2017-03-09;hombre;menor de edad
76147;7;sin empleo de armas;2017-11-02;mujer;adulto
5001;7;arma blanca / cortopunzante;2018-03-17;hombre;menor de edad
17042;7;arma blanca / cortopunzante;2018-01-07;mujer;adulto
19845;7;arma blanca / cortopunzante;2018-04-09;hombre;adulto
27245;7;arma blanca / cortopunzante;2018-01-26;hombre;adulto
11001;7;arma blanca / cortopunzante;2018-04-22;hombre;menor de edad
50001;7;arma blanca / cortopunzante;2018-01-10;mujer;menor de edad
52356;7;arma blanca / cortopunzante;2018-04-25;hombre;adulto
52835;7;arma blanca / cortopunzante;2018-02-07;hombre;adulto
66001;7;arma blanca / cortopunzante;2018-12-04;mujer;adulto
68077;7;arma blanca / cortopunzante;2018-07-29;hombre;adulto
76109;7;arma blanca / cortopunzante;2018-09-20;hombre;adulto
76001;7;arma blanca / cortopunzante;2018-02-01;hombre;adulto
5030;7;arma de fuego;2018-09-27;mujer;adulto
5154;7;arma de fuego;2018-08-05;hombre;adulto
5313;7;arma de fuego;2018-11-13;mujer;adulto
5361;7;arma de fuego;2018-12-05;hombre;adulto
5376;7;arma de fuego;2018-09-29;hombre;adulto
5001;7;arma de fuego;2018-05-17;hombre;adulto
5893;7;arma de fuego;2018-07-26;hombre;adulto
81001;7;arma de fuego;2018-03-28;hombre;adulto
81001;7;arma de fuego;2018-12-31;hombre;adulto
81065;7;arma de fuego;2018-01-03;hombre;adulto
81065;7;arma de fuego;2018-04-26;mujer;adulto
81220;7;arma de fuego;2018-06-20;hombre;adulto
81300;7;arma de fuego;2018-03-28;hombre;adulto
81300;7;arma de fuego;2018-08-08;hombre;adulto
81736;7;arma de fuego;2018-01-13;hombre;adulto
81736;7;arma de fuego;2018-10-29;mujer;adulto
8001;7;arma de fuego;2018-08-31;hombre;adulto
13688;7;arma de fuego;2018-06-01;mujer;menor de edad
15469;7;arma de fuego;2018-08-23;mujer;adulto
17616;7;arma de fuego;2018-05-10;mujer;adulto
18860;7;arma de fuego;2018-10-22;hombre;adulto
85263;7;arma de fuego;2018-07-22;hombre;adulto
19130;7;arma de fuego;2018-12-18;hombre;adulto
19137;7;arma de fuego;2018-05-12;hombre;adulto
19142;7;arma de fuego;2018-05-07;hombre;adulto
19212;7;arma de fuego;2018-05-19;mujer;adulto
19212;7;arma de fuego;2018-11-17;hombre;adulto
19256;7;arma de fuego;2018-06-30;hombre;adulto
19256;7;arma de fuego;2018-12-18;hombre;adulto
19300;7;arma de fuego;2018-04-18;hombre;adulto
19300;7;arma de fuego;2018-06-13;hombre;adulto
19455;7;arma de fuego;2018-08-28;hombre;adulto
19513;7;arma de fuego;2018-06-18;hombre;adulto
19585;7;arma de fuego;2018-03-27;hombre;adulto
19585;7;arma de fuego;2018-08-12;hombre;adulto
19698;7;arma de fuego;2018-01-10;mujer;menor de edad
19698;7;arma de fuego;2018-01-10;hombre;adulto
19698;7;arma de fuego;2018-01-26;hombre;adulto
19698;7;arma de fuego;2018-09-25;hombre;adulto
19698;7;arma de fuego;2018-12-04;hombre;adulto
19698;7;arma de fuego;2018-12-28;hombre;adulto
19845;7;arma de fuego;2018-06-27;mujer;adulto
19845;7;arma de fuego;2018-07-24;hombre;adulto
27050;7;arma de fuego;2018-07-12;hombre;adulto
27077;7;arma de fuego;2018-09-07;mujer;menor de edad
27160;7;arma de fuego;2018-09-10;hombre;adulto
27425;7;arma de fuego;2018-08-02;hombre;adulto
27450;7;arma de fuego;2018-07-24;hombre;adulto
27787;7;arma de fuego;2018-04-18;hombre;adulto
11001;7;arma de fuego;2018-04-07;hombre;adulto
11001;7;arma de fuego;2018-07-28;mujer;adulto
11001;7;arma de fuego;2018-07-28;hombre;adulto
11001;7;arma de fuego;2018-12-01;mujer;menor de edad
25754;7;arma de fuego;2018-02-07;mujer;adulto
25899;7;arma de fuego;2018-11-16;hombre;adulto
44430;7;arma de fuego;2018-07-23;hombre;adulto
44430;7;arma de fuego;2018-09-03;hombre;adulto
44430;7;arma de fuego;2018-12-06;hombre;adulto
44001;7;arma de fuego;2018-09-02;hombre;adulto
41006;7;arma de fuego;2018-03-27;hombre;adulto
41396;7;arma de fuego;2018-11-06;hombre;adulto
41001;7;arma de fuego;2018-08-03;hombre;adulto
41668;7;arma de fuego;2018-01-05;hombre;adulto
47189;7;arma de fuego;2018-08-09;hombre;adulto
47001;7;arma de fuego;2018-09-14;mujer;adulto
47001;7;arma de fuego;2018-09-20;mujer;adulto
47001;7;arma de fuego;2018-09-20;hombre;adulto
47980;7;arma de fuego;2018-08-23;mujer;adulto
50370;7;arma de fuego;2018-04-30;hombre;adulto
50370;7;arma de fuego;2018-05-07;hombre;adulto
50001;7;arma de fuego;2018-06-12;hombre;adulto
50001;7;arma de fuego;2018-12-20;hombre;menor de edad
52250;7;arma de fuego;2018-10-28;hombre;adulto
52356;7;arma de fuego;2018-03-16;hombre;menor de edad
52356;7;arma de fuego;2018-05-17;hombre;adulto
52356;7;arma de fuego;2018-11-18;hombre;adulto
52560;7;arma de fuego;2018-06-19;hombre;adulto
52585;7;arma de fuego;2018-06-12;mujer;adulto
52835;7;arma de fuego;2018-08-29;hombre;adulto
52835;7;arma de fuego;2018-11-29;hombre;adulto
52693;7;arma de fuego;2018-03-25;hombre;adulto
54003;7;arma de fuego;2018-10-09;hombre;adulto
54001;7;arma de fuego;2018-01-15;mujer;adulto
54001;7;arma de fuego;2018-01-15;hombre;adulto
54001;7;arma de fuego;2018-04-07;mujer;adulto
54001;7;arma de fuego;2018-04-26;hombre;adulto
54001;7;arma de fuego;2018-12-13;hombre;adulto
54245;7;arma de fuego;2018-10-03;hombre;menor de edad
54261;7;arma de fuego;2018-06-17;hombre;adulto
54498;7;arma de fuego;2018-02-27;mujer;adulto
54498;7;arma de fuego;2018-08-31;hombre;adulto
54498;7;arma de fuego;2018-10-14;hombre;adulto
54498;7;arma de fuego;2018-11-30;hombre;adulto
54498;7;arma de fuego;2018-12-17;hombre;adulto
54800;7;arma de fuego;2018-04-02;hombre;adulto
54810;7;arma de fuego;2018-02-19;hombre;adulto
86001;7;arma de fuego;2018-09-04;mujer;adulto
86001;7;arma de fuego;2018-09-04;hombre;adulto
86568;7;arma de fuego;2018-04-12;mujer;adulto
86757;7;arma de fuego;2018-04-22;hombre;adulto
86885;7;arma de fuego;2018-05-05;hombre;menor de edad
68575;7;arma de fuego;2018-04-11;hombre;adulto
68705;7;arma de fuego;2018-07-21;hombre;adulto
73168;7;arma de fuego;2018-07-23;hombre;adulto
73217;7;arma de fuego;2018-12-07;hombre;adulto
73236;7;arma de fuego;2018-11-26;hombre;adulto
76109;7;arma de fuego;2018-05-05;hombre;adulto
76001;7;arma de fuego;2018-02-05;hombre;adulto
76001;7;arma de fuego;2018-03-20;hombre;adulto
76001;7;arma de fuego;2018-03-29;mujer;adulto
76001;7;arma de fuego;2018-12-19;hombre;adulto
76147;7;arma de fuego;2018-12-03;hombre;adulto
76233;7;arma de fuego;2018-08-08;hombre;adulto
76364;7;arma de fuego;2018-09-01;hombre;adulto
76364;7;arma de fuego;2018-10-27;hombre;adulto
5440;7;sin empleo de armas;2018-10-03;hombre;menor de edad
5001;7;sin empleo de armas;2018-03-14;hombre;menor de edad
5001;7;sin empleo de armas;2018-04-06;hombre;menor de edad
5579;7;sin empleo de armas;2018-03-28;mujer;menor de edad
5615;7;sin empleo de armas;2018-03-14;mujer;adulto
81065;7;sin empleo de armas;2018-04-03;hombre;adulto
15572;7;sin empleo de armas;2018-09-11;hombre;menor de edad
85001;7;sin empleo de armas;2018-11-09;hombre;adulto
19137;7;sin empleo de armas;2018-04-04;hombre;adulto
19807;7;sin empleo de armas;2018-12-26;hombre;adulto
20001;7;sin empleo de armas;2018-07-02;mujer;menor de edad
11001;7;sin empleo de armas;2018-01-15;hombre;adulto
11001;7;sin empleo de armas;2018-02-02;hombre;adulto
11001;7;sin empleo de armas;2018-06-06;hombre;menor de edad
25754;7;sin empleo de armas;2018-12-20;mujer;menor de edad
47980;7;sin empleo de armas;2018-04-06;hombre;adulto
52019;7;sin empleo de armas;2018-04-25;mujer;adulto
52838;7;sin empleo de armas;2018-04-17;hombre;menor de edad
54498;7;sin empleo de armas;2018-10-10;hombre;adulto
54874;7;sin empleo de armas;2018-01-12;hombre;adulto
54874;7;sin empleo de armas;2018-07-19;hombre;menor de edad
66001;7;sin empleo de armas;2018-06-24;mujer;menor de edad
66001;7;sin empleo de armas;2018-06-24;mujer;adulto
66687;7;sin empleo de armas;2018-11-23;mujer;adulto
66687;7;sin empleo de armas;2018-11-23;hombre;menor de edad
76001;7;sin empleo de armas;2018-08-04;mujer;adulto
76001;7;sin empleo de armas;2018-08-18;hombre;adulto
76001;7;sin empleo de armas;2018-10-02;hombre;adulto
76622;7;sin empleo de armas;2018-04-20;mujer;adulto
76001;7;sin empleo de armas;2019-01-01;mujer;menor de edad
54874;7;sin empleo de armas;2019-01-04;mujer;menor de edad
54874;7;arma de fuego;2019-01-07;hombre;adulto
81794;7;arma de fuego;2019-01-07;hombre;adulto
20228;7;arma de fuego;2019-01-10;mujer;adulto
54344;7;arma de fuego;2019-01-11;hombre;adulto
54344;7;arma de fuego;2019-01-11;hombre;adulto
54344;7;arma de fuego;2019-01-11;hombre;adulto
76036;7;arma de fuego;2019-01-12;mujer;adulto
76036;7;arma de fuego;2019-01-12;hombre;adulto
76109;7;arma de fuego;2019-01-19;hombre;adulto
54800;7;arma de fuego;2019-01-25;hombre;adulto
5837;7;sin empleo de armas;2019-01-29;hombre;adulto
19760;7;sin empleo de armas;2019-01-31;mujer;adulto
5001;7;arma de fuego;2019-02-03;hombre;adulto
54003;7;arma de fuego;2019-02-16;mujer;adulto
54001;7;sin empleo de armas;2019-02-23;hombre;menor de edad
27787;7;arma de fuego;2019-03-02;hombre;adulto
81065;7;arma de fuego;2019-03-05;hombre;adulto
81300;7;arma de fuego;2019-03-11;hombre;adulto
19517;7;arma de fuego;2019-03-11;hombre;adulto
68689;7;arma blanca / cortopunzante;2019-03-13;mujer;adulto
68689;7;arma blanca / cortopunzante;2019-03-13;hombre;adulto
13657;7;arma de fuego;2019-03-14;hombre;adulto
13657;7;arma de fuego;2019-03-14;hombre;adulto
5604;7;sin empleo de armas;2019-03-18;mujer;menor de edad
54498;7;sin datodo;2019-03-29;hombre;adulto
19001;7;sin empleo de armas;2019-03-29;hombre;adulto
44847;7;arma blanca / cortopunzante;2019-03-30;hombre;adulto
54673;7;arma de fuego;2019-04-02;mujer;adulto
11001;7;sin empleo de armas;2019-04-03;hombre;adulto
5266;7;arma de fuego;2019-04-05;hombre;adulto
8560;7;sin empleo de armas;2019-04-06;hombre;adulto
76001;7;sin empleo de armas;2019-04-07;hombre;menor de edad
52215;7;sin empleo de armas;2019-04-08;hombre;adulto
54001;7;sin empleo de armas;2019-04-26;hombre;adulto
81065;7;sin empleo de armas;2019-04-26;hombre;menor de edad
54261;7;arma de fuego;2019-05-17;hombre;adulto
11001;7;arma de fuego;2019-05-20;hombre;adulto
70678;7;arma de fuego;2019-05-25;hombre;adulto
68655;7;arma de fuego;2019-05-28;mujer;adulto
20517;7;arma blanca / cortopunzante;2019-05-29;hombre;adulto
54001;7;arma de fuego;2019-05-30;hombre;adulto
25175;7;arma de fuego;2019-06-06;hombre;adulto
76364;7;arma de fuego;2019-06-11;hombre;adulto
47707;7;arma de fuego;2019-06-17;hombre;menor de edad
19548;7;arma de fuego;2019-06-27;mujer;adulto
97001;7;sin empleo de armas;2019-06-27;mujer;menor de edad
54003;7;arma de fuego;2019-07-03;hombre;adulto
44430;7;arma de fuego;2019-07-13;hombre;adulto
11001;7;arma de fuego;2019-07-15;hombre;adulto
5001;7;sin empleo de armas;2019-07-18;mujer;menor de edad
54001;7;sin empleo de armas;2019-07-19;hombre;menor de edad
54001;7;sin empleo de armas;2019-07-19;hombre;adulto
11001;7;arma de fuego;2019-07-20;hombre;adulto
81736;7;arma de fuego;2019-08-09;hombre;adulto
73555;7;arma blanca / cortopunzante;2019-08-17;hombre;adulto
5197;7;arma de fuego;2019-08-21;mujer;adulto
44430;7;arma blanca / cortopunzante;2019-08-22;hombre;adulto
27025;7;arma de fuego;2019-08-24;hombre;adulto
25862;7;arma de fuego;2019-08-25;hombre;adulto
5361;7;arma de fuego;2019-08-27;mujer;adulto
19212;7;arma de fuego;2019-08-28;hombre;adulto
54810;7;arma de fuego;2019-08-29;hombre;adulto
52399;7;arma de fuego;2019-08-30;hombre;adulto
19698;7;arma de fuego;2019-09-04;hombre;adulto
41396;7;arma de fuego;2019-09-12;hombre;adulto
76364;7;sin empleo de armas;2019-09-16;hombre;adulto
44279;7;sin datodo;2019-09-18;hombre;adulto
76001;7;sin empleo de armas;2019-09-25;hombre;adulto
81001;7;sin empleo de armas;2019-09-29;hombre;adulto
76364;7;arma de fuego;2019-10-01;hombre;adulto
41001;7;sin empleo de armas;2019-10-12;hombre;adulto
23466;7;sin datodo;2019-10-26;mujer;adulto
19548;7;arma de fuego;2019-11-03;hombre;adulto
19548;7;arma de fuego;2019-11-03;mujer;adulto
19548;7;arma de fuego;2019-11-03;hombre;adulto
19548;7;arma de fuego;2019-11-03;hombre;adulto
76001;7;arma de fuego;2019-11-06;mujer;adulto
18150;7;arma de fuego;2019-11-18;hombre;adulto
54810;7;sin empleo de armas;2019-11-25;mujer;adulto
76520;7;arma de fuego;2019-11-26;hombre;adulto
68547;7;arma de fuego;2019-11-29;mujer;adulto
25899;7;sin empleo de armas;2019-12-02;hombre;adulto
20011;7;sin datodo;2019-12-04;hombre;adulto
88001;7;arma de fuego;2019-12-09;hombre;adulto
88001;7;arma de fuego;2019-12-09;hombre;adulto
81001;7;arma de fuego;2019-12-14;hombre;adulto
8001;7;arma de fuego;2019-12-18;hombre;adulto
52565;7;sin empleo de armas;2019-12-21;hombre;adulto
76109;7;sin empleo de armas;2019-12-22;hombre;menor de edad
54001;7;arma de fuego;2019-12-28;hombre;adulto
